OrderID,ProductID,UnitPrice,Quantity,Discount,OrderValue,UnitPrice_Scaled,Quantity_Scaled
10248,11,14.0,12,0.0,168.0,0.009284332688588007,0.02217741935483871
10248,42,9.8,10,0.0,98.0,0.006034816247582206,0.018145161290322582
10248,72,34.8,5,0.0,174.0,0.025377176015473887,0.008064516129032258
10249,14,18.6,9,0.0,167.4,0.012843326885880078,0.016129032258064516
10249,51,42.4,40,0.0,1696.0,0.03125725338491296,0.07862903225806452
10250,41,7.7,10,0.0,77.0,0.004410058027079304,0.018145161290322582
10250,51,42.4,35,0.15,1261.3999999999999,0.03125725338491296,0.06854838709677419
10250,65,16.8,15,0.15,214.2,0.011450676982591878,0.028225806451612902
10251,22,16.8,6,0.05,95.76,0.011450676982591878,0.010080645161290322
10251,57,15.6,20,0.05,296.4,0.010522243713733075,0.038306451612903226
10251,65,16.8,20,0.0,336.0,0.011450676982591878,0.038306451612903226
10252,20,64.8,40,0.05,2462.4,0.048588007736943904,0.07862903225806452
10252,33,2.0,25,0.05,47.5,0.0,0.04838709677419355
10252,60,27.2,40,0.0,1088.0,0.019497098646034817,0.07862903225806452
10253,31,10.0,20,0.0,200.0,0.006189555125725338,0.038306451612903226
10253,39,14.4,42,0.0,604.8000000000001,0.009593810444874276,0.08266129032258064
10253,49,16.0,40,0.0,640.0,0.010831721470019342,0.07862903225806452
10254,24,3.6,15,0.15,45.9,0.0012379110251450678,0.028225806451612902
10254,55,19.2,21,0.15,342.71999999999997,0.013307543520309478,0.04032258064516129
10254,74,8.0,21,0.0,168.0,0.0046421663442940036,0.04032258064516129
10255,2,15.2,20,0.0,304.0,0.010212765957446808,0.038306451612903226
10255,16,13.9,35,0.0,486.5,0.00920696324951644,0.06854838709677419
10255,36,15.2,25,0.0,380.0,0.010212765957446808,0.04838709677419355
10255,59,44.0,30,0.0,1320.0,0.03249516441005803,0.05846774193548387
10256,53,26.2,15,0.0,393.0,0.018723404255319147,0.028225806451612902
10256,77,10.4,12,0.0,124.80000000000001,0.006499032882011605,0.02217741935483871
10257,27,35.1,25,0.0,877.5,0.025609284332688588,0.04838709677419355
10257,39,14.4,6,0.0,86.4,0.009593810444874276,0.010080645161290322
10257,77,10.4,15,0.0,156.0,0.006499032882011605,0.028225806451612902
10258,2,15.2,50,0.2,608.0,0.010212765957446808,0.09879032258064516
10258,5,17.0,65,0.2,884.0,0.01160541586073501,0.12903225806451613
10258,32,25.6,6,0.2,122.88000000000002,0.01825918762088975,0.010080645161290322
10259,21,8.0,10,0.0,80.0,0.0046421663442940036,0.018145161290322582
10259,37,20.8,1,0.0,20.8,0.014545454545454545,0.0
10260,41,7.7,16,0.25,92.4,0.004410058027079304,0.03024193548387097
10260,57,15.6,50,0.0,780.0,0.010522243713733075,0.09879032258064516
10260,62,39.4,15,0.25,443.25,0.028936170212765955,0.028225806451612902
10260,70,12.0,21,0.25,189.0,0.007736943907156673,0.04032258064516129
10261,21,8.0,20,0.0,160.0,0.0046421663442940036,0.038306451612903226
10261,35,14.4,20,0.0,288.0,0.009593810444874276,0.038306451612903226
10262,5,17.0,12,0.2,163.20000000000002,0.01160541586073501,0.02217741935483871
10262,7,24.0,15,0.0,360.0,0.01702127659574468,0.028225806451612902
10262,56,30.4,2,0.0,60.8,0.02197292069632495,0.0020161290322580645
10263,16,13.9,60,0.25,625.5,0.00920696324951644,0.11895161290322581
10263,24,3.6,28,0.0,100.8,0.0012379110251450678,0.05443548387096774
10263,30,20.7,60,0.25,931.5,0.014468085106382977,0.11895161290322581
10263,74,8.0,36,0.25,216.0,0.0046421663442940036,0.07056451612903226
10264,2,15.2,35,0.0,532.0,0.010212765957446808,0.06854838709677419
10264,41,7.7,25,0.15,163.625,0.004410058027079304,0.04838709677419355
10265,17,31.2,30,0.0,936.0,0.022591876208897486,0.05846774193548387
10265,70,12.0,20,0.0,240.0,0.007736943907156673,0.038306451612903226
10266,12,30.4,12,0.05,346.55999999999995,0.02197292069632495,0.02217741935483871
10267,40,14.7,50,0.0,735.0,0.009825918762088975,0.09879032258064516
10267,59,44.0,70,0.15,2618.0,0.03249516441005803,0.13911290322580644
10267,76,14.4,15,0.15,183.6,0.009593810444874276,0.028225806451612902
10268,29,99.0,10,0.0,990.0,0.07504835589941973,0.018145161290322582
10268,72,27.8,4,0.0,111.2,0.019961315280464218,0.006048387096774193
10269,33,2.0,60,0.05,114.0,0.0,0.11895161290322581
10269,72,27.8,20,0.05,528.1999999999999,0.019961315280464218,0.038306451612903226
10270,36,15.2,30,0.0,456.0,0.010212765957446808,0.05846774193548387
10270,43,36.8,25,0.0,919.9999999999999,0.02692456479690522,0.04838709677419355
10271,33,2.0,24,0.0,48.0,0.0,0.046370967741935484
10272,20,64.8,6,0.0,388.79999999999995,0.048588007736943904,0.010080645161290322
10272,31,10.0,40,0.0,400.0,0.006189555125725338,0.07862903225806452
10272,72,27.8,24,0.0,667.2,0.019961315280464218,0.046370967741935484
10273,10,24.8,24,0.05,565.44,0.017640232108317215,0.046370967741935484
10273,31,10.0,15,0.05,142.5,0.006189555125725338,0.028225806451612902
10273,33,2.0,20,0.0,40.0,0.0,0.038306451612903226
10273,40,14.7,60,0.05,837.9,0.009825918762088975,0.11895161290322581
10273,76,14.4,33,0.05,451.43999999999994,0.009593810444874276,0.06451612903225806
10274,71,17.2,20,0.0,344.0,0.011760154738878143,0.038306451612903226
10274,72,27.8,7,0.0,194.6,0.019961315280464218,0.012096774193548387
10275,24,3.6,12,0.05,41.04,0.0012379110251450678,0.02217741935483871
10275,59,44.0,6,0.05,250.79999999999998,0.03249516441005803,0.010080645161290322
10276,10,24.8,15,0.0,372.0,0.017640232108317215,0.028225806451612902
10276,13,4.8,497,0.0,2385.6,0.0021663442940038683,1.0
10277,28,36.4,20,0.0,728.0,0.026615087040618955,0.038306451612903226
10277,62,39.4,12,0.0,472.79999999999995,0.028936170212765955,0.02217741935483871
10278,44,15.5,16,0.0,248.0,0.010444874274661509,0.03024193548387097
10278,59,44.0,15,0.0,660.0,0.03249516441005803,0.028225806451612902
10278,63,35.1,8,0.0,280.8,0.025609284332688588,0.014112903225806451
10278,73,12.0,25,0.0,300.0,0.007736943907156673,0.04838709677419355
10279,17,31.2,15,0.25,351.0,0.022591876208897486,0.028225806451612902
10280,24,3.6,12,0.0,43.2,0.0012379110251450678,0.02217741935483871
10280,55,19.2,20,0.0,384.0,0.013307543520309478,0.038306451612903226
10280,75,6.2,30,0.0,186.0,0.0032495164410058027,0.05846774193548387
10281,19,7.3,1,0.0,7.3,0.004100580270793037,0.0
10281,35,14.4,4,0.0,57.6,0.009593810444874276,0.006048387096774193
10282,30,20.7,6,0.0,124.19999999999999,0.014468085106382977,0.010080645161290322
10282,57,15.6,2,0.0,31.2,0.010522243713733075,0.0020161290322580645
10283,15,12.4,20,0.0,248.0,0.008046421663442941,0.038306451612903226
10283,19,7.3,18,0.0,131.4,0.004100580270793037,0.034274193548387094
10283,60,27.2,35,0.0,952.0,0.019497098646034817,0.06854838709677419
10283,72,27.8,3,0.0,83.4,0.019961315280464218,0.004032258064516129
10284,27,35.1,15,0.25,394.875,0.025609284332688588,0.028225806451612902
10284,44,15.5,21,0.0,325.5,0.010444874274661509,0.04032258064516129
10284,60,27.2,20,0.25,408.0,0.019497098646034817,0.038306451612903226
10284,67,11.2,5,0.25,42.0,0.007117988394584138,0.008064516129032258
10285,1,14.4,45,0.2,518.4,0.009593810444874276,0.08870967741935484
10285,40,14.7,40,0.2,470.40000000000003,0.009825918762088975,0.07862903225806452
10285,53,26.2,36,0.2,754.56,0.018723404255319147,0.07056451612903226
10286,35,14.4,100,0.0,1440.0,0.009593810444874276,0.19959677419354838
10286,62,39.4,40,0.0,1576.0,0.028936170212765955,0.07862903225806452
10287,16,13.9,40,0.15,472.59999999999997,0.00920696324951644,0.07862903225806452
10287,34,11.2,20,0.0,224.0,0.007117988394584138,0.038306451612903226
10287,46,9.6,15,0.15,122.39999999999999,0.005880077369439071,0.028225806451612902
10288,54,5.9,10,0.1,53.1,0.003017408123791103,0.018145161290322582
10288,68,10.0,3,0.1,27.0,0.006189555125725338,0.004032258064516129
10289,3,8.0,20,0.0,160.0,0.0046421663442940036,0.038306451612903226
10289,64,26.6,9,0.0,239.4,0.019032882011605416,0.016129032258064516
10290,5,17.0,20,0.0,340.0,0.01160541586073501,0.038306451612903226
10290,29,99.0,15,0.0,1485.0,0.07504835589941973,0.028225806451612902
10290,49,16.0,15,0.0,240.0,0.010831721470019342,0.028225806451612902
10290,77,10.4,10,0.0,104.0,0.006499032882011605,0.018145161290322582
10291,13,4.8,20,0.1,86.4,0.0021663442940038683,0.038306451612903226
10291,44,15.5,24,0.1,334.8,0.010444874274661509,0.046370967741935484
10291,51,42.4,2,0.1,76.32,0.03125725338491296,0.0020161290322580645
10292,20,64.8,20,0.0,1296.0,0.048588007736943904,0.038306451612903226
10293,18,50.0,12,0.0,600.0,0.03713733075435203,0.02217741935483871
10293,24,3.6,10,0.0,36.0,0.0012379110251450678,0.018145161290322582
10293,63,35.1,5,0.0,175.5,0.025609284332688588,0.008064516129032258
10293,75,6.2,6,0.0,37.2,0.0032495164410058027,0.010080645161290322
10294,1,230.4,18,0.0,4147.2,0.17671179883945842,0.034274193548387094
10294,17,31.2,15,0.0,468.0,0.022591876208897486,0.028225806451612902
10294,43,36.8,15,0.0,552.0,0.02692456479690522,0.028225806451612902
10294,60,27.2,21,0.0,571.1999999999999,0.019497098646034817,0.04032258064516129
10295,56,30.4,4,0.0,121.6,0.02197292069632495,0.006048387096774193
10296,11,16.8,12,0.0,201.60000000000002,0.011450676982591878,0.02217741935483871
10296,16,13.9,30,0.0,417.0,0.00920696324951644,0.05846774193548387
10296,69,28.8,15,0.0,432.0,0.020735009671179885,0.028225806451612902
10297,39,14.4,60,0.0,864.0,0.009593810444874276,0.11895161290322581
10297,72,27.8,20,0.0,556.0,0.019961315280464218,0.038306451612903226
10298,2,15.2,40,0.0,608.0,0.010212765957446808,0.07862903225806452
10298,36,15.2,40,0.25,456.0,0.010212765957446808,0.07862903225806452
10298,59,44.0,30,0.25,990.0,0.03249516441005803,0.05846774193548387
10298,62,39.4,15,0.0,591.0,0.028936170212765955,0.028225806451612902
10299,19,7.3,15,0.0,109.5,0.004100580270793037,0.028225806451612902
10299,70,12.0,20,0.0,240.0,0.007736943907156673,0.038306451612903226
10300,66,13.6,30,0.0,408.0,0.00897485493230174,0.05846774193548387
10300,68,10.0,20,0.0,200.0,0.006189555125725338,0.038306451612903226
10301,40,14.7,10,0.0,147.0,0.009825918762088975,0.018145161290322582
10301,56,30.4,20,0.0,608.0,0.02197292069632495,0.038306451612903226
10302,17,31.2,40,0.0,1248.0,0.022591876208897486,0.07862903225806452
10302,28,36.4,28,0.0,1019.1999999999999,0.026615087040618955,0.05443548387096774
10302,43,36.8,12,0.0,441.59999999999997,0.02692456479690522,0.02217741935483871
10303,40,14.7,40,0.1,529.2,0.009825918762088975,0.07862903225806452
10303,65,16.8,30,0.1,453.6,0.011450676982591878,0.05846774193548387
10303,68,10.0,15,0.1,135.0,0.006189555125725338,0.028225806451612902
10304,49,16.0,30,0.0,480.0,0.010831721470019342,0.05846774193548387
10304,59,44.0,10,0.0,440.0,0.03249516441005803,0.018145161290322582
10304,71,17.2,2,0.0,34.4,0.011760154738878143,0.0020161290322580645
10305,18,50.0,25,0.1,1125.0,0.03713733075435203,0.04838709677419355
10305,29,99.0,25,0.1,2227.5,0.07504835589941973,0.04838709677419355
10305,39,14.4,30,0.1,388.8,0.009593810444874276,0.05846774193548387
10306,30,20.7,10,0.0,207.0,0.014468085106382977,0.018145161290322582
10306,53,26.2,10,0.0,262.0,0.018723404255319147,0.018145161290322582
10306,54,5.9,5,0.0,29.5,0.003017408123791103,0.008064516129032258
10307,62,39.4,10,0.0,394.0,0.028936170212765955,0.018145161290322582
10307,68,10.0,3,0.0,30.0,0.006189555125725338,0.004032258064516129
10308,69,28.8,1,0.0,28.8,0.020735009671179885,0.0
10308,70,12.0,5,0.0,60.0,0.007736943907156673,0.008064516129032258
10309,4,17.6,20,0.0,352.0,0.012069632495164411,0.038306451612903226
10309,42,11.2,2,0.0,22.4,0.007117988394584138,0.0020161290322580645
10309,43,36.8,20,0.0,736.0,0.02692456479690522,0.038306451612903226
10309,71,17.2,3,0.0,51.599999999999994,0.011760154738878143,0.004032258064516129
10310,16,13.9,10,0.0,139.0,0.00920696324951644,0.018145161290322582
10310,62,39.4,5,0.0,197.0,0.028936170212765955,0.008064516129032258
10311,42,11.2,6,0.0,67.19999999999999,0.007117988394584138,0.010080645161290322
10311,69,28.8,7,0.0,201.6,0.020735009671179885,0.012096774193548387
10312,28,36.4,4,0.0,145.6,0.026615087040618955,0.006048387096774193
10312,43,36.8,24,0.0,883.1999999999999,0.02692456479690522,0.046370967741935484
10312,53,26.2,20,0.0,524.0,0.018723404255319147,0.038306451612903226
10312,75,6.2,10,0.0,62.0,0.0032495164410058027,0.018145161290322582
10313,36,15.2,12,0.0,182.39999999999998,0.010212765957446808,0.02217741935483871
10314,32,25.6,40,0.1,921.6,0.01825918762088975,0.07862903225806452
10314,58,10.6,30,0.1,286.2,0.006653771760154739,0.05846774193548387
10314,62,39.4,25,0.1,886.5,0.028936170212765955,0.04838709677419355
10315,34,11.2,14,0.0,156.79999999999998,0.007117988394584138,0.02620967741935484
10315,200,12.0,30,0.0,360.0,0.007736943907156673,0.05846774193548387
10316,41,7.7,10,0.0,77.0,0.004410058027079304,0.018145161290322582
10316,62,39.4,70,0.0,2758.0,0.028936170212765955,0.13911290322580644
10317,1,14.4,20,0.0,288.0,0.009593810444874276,0.038306451612903226
10318,41,7.7,20,0.0,154.0,0.004410058027079304,0.038306451612903226
10318,76,14.4,6,0.0,86.4,0.009593810444874276,0.010080645161290322
10319,17,31.2,8,0.0,249.6,0.022591876208897486,0.014112903225806451
10319,28,36.4,14,0.0,509.59999999999997,0.026615087040618955,0.02620967741935484
10319,76,14.4,30,0.0,432.0,0.009593810444874276,0.05846774193548387
10320,71,17.2,30,0.0,516.0,0.011760154738878143,0.05846774193548387
10321,35,14.4,10,0.0,144.0,0.009593810444874276,0.018145161290322582
10322,52,5.6,20,0.0,112.0,0.0027852998065764022,0.038306451612903226
10323,15,12.4,5,0.0,62.0,0.008046421663442941,0.008064516129032258
10323,25,11.2,4,0.0,44.8,0.007117988394584138,0.006048387096774193
10323,39,14.4,4,0.0,57.6,0.009593810444874276,0.006048387096774193
10324,16,13.9,21,0.15,248.115,0.00920696324951644,0.04032258064516129
10324,35,14.4,70,0.15,856.8,0.009593810444874276,0.13911290322580644
10324,46,9.6,30,0.0,288.0,0.005880077369439071,0.05846774193548387
10324,59,44.0,40,0.15,1496.0,0.03249516441005803,0.07862903225806452
10324,63,35.1,80,0.15,2386.7999999999997,0.025609284332688588,0.1592741935483871
10325,6,20.0,6,0.0,120.0,0.013926499032882012,0.010080645161290322
10325,13,4.8,12,0.0,57.599999999999994,0.0021663442940038683,0.02217741935483871
10325,14,18.6,9,0.0,167.4,0.012843326885880078,0.016129032258064516
10325,31,10.0,4,0.0,40.0,0.006189555125725338,0.006048387096774193
10325,72,27.8,40,0.0,1112.0,0.019961315280464218,0.07862903225806452
10326,4,17.6,24,0.0,422.40000000000003,0.012069632495164411,0.046370967741935484
10326,57,15.6,16,0.0,249.6,0.010522243713733075,0.03024193548387097
10326,75,6.2,50,0.0,310.0,0.0032495164410058027,0.09879032258064516
10327,2,15.2,25,0.2,304.0,0.010212765957446808,0.04838709677419355
10327,11,16.8,50,0.2,672.0,0.011450676982591878,0.09879032258064516
10327,30,20.7,35,0.2,579.6,0.014468085106382977,0.06854838709677419
10327,58,10.6,30,0.2,254.4,0.006653771760154739,0.05846774193548387
10328,59,44.0,9,0.0,396.0,0.03249516441005803,0.016129032258064516
10328,65,16.8,40,0.0,672.0,0.011450676982591878,0.07862903225806452
10328,68,10.0,10,0.0,100.0,0.006189555125725338,0.018145161290322582
10329,19,7.3,10,0.05,69.35,0.004100580270793037,0.018145161290322582
10329,30,20.7,8,0.05,157.32,0.014468085106382977,0.014112903225806451
10329,38,210.8,20,0.05,4005.2,0.16154738878143135,0.038306451612903226
10329,56,30.4,12,0.05,346.55999999999995,0.02197292069632495,0.02217741935483871
10330,26,24.9,50,0.15,1058.25,0.01771760154738878,0.09879032258064516
10331,54,5.9,15,0.0,88.5,0.003017408123791103,0.028225806451612902
10332,18,50.0,40,0.2,1600.0,0.03713733075435203,0.07862903225806452
10332,42,11.2,10,0.2,89.60000000000001,0.007117988394584138,0.018145161290322582
10332,47,7.6,16,0.2,97.28,0.004332688588007737,0.03024193548387097
10333,14,18.6,10,0.0,186.0,0.012843326885880078,0.018145161290322582
10333,21,8.0,10,0.1,72.0,0.0046421663442940036,0.018145161290322582
10333,71,17.2,40,0.1,619.2,0.011760154738878143,0.07862903225806452
10334,52,5.6,8,0.0,44.8,0.0027852998065764022,0.014112903225806451
10334,68,10.0,10,0.0,100.0,0.006189555125725338,0.018145161290322582
10335,2,15.2,7,0.2,85.12,0.010212765957446808,0.012096774193548387
10335,31,10.0,25,0.2,200.0,0.006189555125725338,0.04838709677419355
10335,32,25.6,6,0.2,122.88000000000002,0.01825918762088975,0.010080645161290322
10335,51,42.4,48,0.2,1628.1599999999999,0.03125725338491296,0.09475806451612903
10336,4,17.6,18,0.1,285.12,0.012069632495164411,0.034274193548387094
10337,23,7.2,40,0.0,288.0,0.0040232108317214705,0.07862903225806452
10337,26,24.9,24,0.0,597.5999999999999,0.01771760154738878,0.046370967741935484
10337,36,15.2,20,0.0,304.0,0.010212765957446808,0.038306451612903226
10337,37,20.8,28,0.0,582.4,0.014545454545454545,0.05443548387096774
10337,72,27.8,25,0.0,695.0,0.019961315280464218,0.04838709677419355
10338,17,31.2,20,0.0,624.0,0.022591876208897486,0.038306451612903226
10338,30,20.7,15,0.0,310.5,0.014468085106382977,0.028225806451612902
10339,4,17.6,10,0.0,176.0,0.012069632495164411,0.018145161290322582
10339,17,31.2,70,0.05,2074.7999999999997,0.022591876208897486,0.13911290322580644
10339,62,39.4,28,0.0,1103.2,0.028936170212765955,0.05443548387096774
10340,18,50.0,20,0.05,950.0,0.03713733075435203,0.038306451612903226
10340,41,7.7,12,0.05,87.78,0.004410058027079304,0.02217741935483871
10340,43,36.8,40,0.05,1398.3999999999999,0.02692456479690522,0.07862903225806452
10341,33,2.0,8,0.0,16.0,0.0,0.014112903225806451
10341,59,44.0,9,0.15,336.59999999999997,0.03249516441005803,0.016129032258064516
10342,2,15.2,24,0.2,291.84,0.010212765957446808,0.046370967741935484
10342,31,10.0,56,0.2,448.0,0.006189555125725338,0.11088709677419355
10342,36,15.2,40,0.2,486.40000000000003,0.010212765957446808,0.07862903225806452
10342,55,19.2,40,0.2,614.4000000000001,0.013307543520309478,0.07862903225806452
10343,64,26.6,50,0.0,1330.0,0.019032882011605416,0.09879032258064516
10343,68,10.0,4,0.05,38.0,0.006189555125725338,0.006048387096774193
10343,76,14.4,15,0.0,216.0,0.009593810444874276,0.028225806451612902
10344,4,17.6,35,0.0,616.0,0.012069632495164411,0.06854838709677419
10344,8,32.0,70,0.25,1680.0,0.02321083172147002,0.13911290322580644
10345,8,32.0,70,0.0,2240.0,0.02321083172147002,0.13911290322580644
10345,19,7.3,80,0.0,584.0,0.004100580270793037,0.1592741935483871
10345,42,11.2,9,0.0,100.8,0.007117988394584138,0.016129032258064516
10346,17,31.2,36,0.1,1010.8800000000001,0.022591876208897486,0.07056451612903226
10346,56,30.4,20,0.0,608.0,0.02197292069632495,0.038306451612903226
10347,25,11.2,10,0.0,112.0,0.007117988394584138,0.018145161290322582
10347,39,14.4,50,0.15,612.0,0.009593810444874276,0.09879032258064516
10347,40,14.7,4,0.0,58.8,0.009825918762088975,0.006048387096774193
10347,75,6.2,6,0.15,31.62,0.0032495164410058027,0.010080645161290322
10348,1,14.4,15,0.15,183.6,0.009593810444874276,0.028225806451612902
10348,23,7.2,25,0.0,180.0,0.0040232108317214705,0.04838709677419355
10349,54,5.9,24,0.0,141.60000000000002,0.003017408123791103,0.046370967741935484
10350,50,13.0,15,0.1,175.5,0.00851063829787234,0.028225806451612902
10350,69,28.8,18,0.1,466.56,0.020735009671179885,0.034274193548387094
10351,38,210.8,20,0.05,4005.2,0.16154738878143135,0.038306451612903226
10351,41,7.7,13,0.0,100.10000000000001,0.004410058027079304,0.024193548387096774
10351,44,15.5,77,0.05,1133.825,0.010444874274661509,0.1532258064516129
10351,65,16.8,10,0.0,168.0,0.011450676982591878,0.018145161290322582
10352,24,3.6,10,0.0,36.0,0.0012379110251450678,0.018145161290322582
10352,54,5.9,20,0.15,100.3,0.003017408123791103,0.038306451612903226
10353,11,16.8,12,0.2,161.28000000000003,0.011450676982591878,0.02217741935483871
10353,38,210.8,50,0.2,8432.0,0.16154738878143135,0.09879032258064516
10354,1,14.4,12,0.0,172.8,0.009593810444874276,0.02217741935483871
10354,29,99.0,4,0.0,396.0,0.07504835589941973,0.006048387096774193
10355,24,3.6,25,0.0,90.0,0.0012379110251450678,0.04838709677419355
10355,57,15.6,25,0.0,390.0,0.010522243713733075,0.04838709677419355
10356,31,10.0,30,0.0,300.0,0.006189555125725338,0.05846774193548387
10356,55,19.2,12,0.0,230.39999999999998,0.013307543520309478,0.02217741935483871
10356,69,28.8,20,0.0,576.0,0.020735009671179885,0.038306451612903226
10357,10,24.8,30,0.2,595.2,0.017640232108317215,0.05846774193548387
10357,26,24.9,16,0.0,398.4,0.01771760154738878,0.03024193548387097
10357,60,27.2,8,0.2,174.08,0.019497098646034817,0.014112903225806451
10358,24,3.6,10,0.05,34.199999999999996,0.0012379110251450678,0.018145161290322582
10358,34,11.2,10,0.05,106.39999999999999,0.007117988394584138,0.018145161290322582
10358,36,15.2,20,0.05,288.8,0.010212765957446808,0.038306451612903226
10359,16,13.9,56,0.05,739.4799999999999,0.00920696324951644,0.11088709677419355
10359,31,10.0,70,0.05,665.0,0.006189555125725338,0.13911290322580644
10359,60,27.2,80,0.05,2067.2,0.019497098646034817,0.1592741935483871
10360,28,36.4,30,0.0,1092.0,0.026615087040618955,0.05846774193548387
10360,29,99.0,35,0.0,3465.0,0.07504835589941973,0.06854838709677419
10360,38,210.8,10,0.0,2108.0,0.16154738878143135,0.018145161290322582
10360,49,16.0,35,0.0,560.0,0.010831721470019342,0.06854838709677419
10360,54,5.9,28,0.0,165.20000000000002,0.003017408123791103,0.05443548387096774
99999,39,14.4,54,0.1,699.84,0.009593810444874276,0.10685483870967742
10361,60,27.2,55,0.1,1346.4,0.019497098646034817,0.10887096774193548
10362,25,11.2,50,0.0,560.0,0.007117988394584138,0.09879032258064516
10362,51,42.4,20,0.0,848.0,0.03125725338491296,0.038306451612903226
10362,54,5.9,24,0.0,141.60000000000002,0.003017408123791103,0.046370967741935484
10363,31,10.0,20,0.0,200.0,0.006189555125725338,0.038306451612903226
10363,75,6.2,12,0.0,74.4,0.0032495164410058027,0.02217741935483871
10363,76,14.4,12,0.0,172.8,0.009593810444874276,0.02217741935483871
10364,69,28.8,30,0.0,864.0,0.020735009671179885,0.05846774193548387
10364,71,17.2,5,1.5,-43.0,0.011760154738878143,0.008064516129032258
10365,11,16.8,24,0.0,403.20000000000005,0.011450676982591878,0.046370967741935484
10366,65,16.8,5,0.0,84.0,0.011450676982591878,0.008064516129032258
10366,77,10.4,5,0.0,52.0,0.006499032882011605,0.008064516129032258
10367,34,11.2,36,0.0,403.2,0.007117988394584138,0.07056451612903226
10367,54,5.9,18,0.0,106.2,0.003017408123791103,0.034274193548387094
10367,65,16.8,15,0.0,252.0,0.011450676982591878,0.028225806451612902
10367,77,10.4,7,0.0,72.8,0.006499032882011605,0.012096774193548387
10368,21,8.0,5,0.1,36.0,0.0046421663442940036,0.008064516129032258
10368,28,36.4,13,0.1,425.88,0.026615087040618955,0.024193548387096774
10368,57,15.6,25,0.0,390.0,0.010522243713733075,0.04838709677419355
10368,64,26.6,35,0.1,837.9,0.019032882011605416,0.06854838709677419
10369,29,99.0,20,0.0,1980.0,0.07504835589941973,0.038306451612903226
10369,56,30.4,18,0.25,410.4,0.02197292069632495,0.034274193548387094
10370,1,14.4,15,0.15,183.6,0.009593810444874276,0.028225806451612902
10370,64,26.6,30,0.0,798.0,0.019032882011605416,0.05846774193548387
10370,74,8.0,20,0.15,136.0,0.0046421663442940036,0.038306451612903226
10371,36,15.2,6,0.2,72.96,0.010212765957446808,0.010080645161290322
10372,20,64.8,12,0.25,583.1999999999999,0.048588007736943904,0.02217741935483871
10372,38,210.8,40,0.25,6324.0,0.16154738878143135,0.07862903225806452
10372,60,27.2,70,0.25,1428.0,0.019497098646034817,0.13911290322580644
10372,72,27.8,42,0.25,875.7,0.019961315280464218,0.08266129032258064
10373,58,10.6,80,0.2,678.4000000000001,0.006653771760154739,0.1592741935483871
10373,71,17.2,50,0.2,688.0,0.011760154738878143,0.09879032258064516
10374,31,10.0,30,0.0,300.0,0.006189555125725338,0.05846774193548387
10374,58,10.6,15,0.0,159.0,0.006653771760154739,0.028225806451612902
10375,14,18.6,15,0.0,279.0,0.012843326885880078,0.028225806451612902
10375,54,5.9,10,0.0,59.0,0.003017408123791103,0.018145161290322582
10376,31,10.0,42,0.05,399.0,0.006189555125725338,0.08266129032258064
10377,28,36.4,20,0.15,618.8,0.026615087040618955,0.038306451612903226
10377,39,14.4,20,0.15,244.79999999999998,0.009593810444874276,0.038306451612903226
10378,71,17.2,6,0.0,103.19999999999999,0.011760154738878143,0.010080645161290322
10379,41,7.7,8,0.1,55.440000000000005,0.004410058027079304,0.014112903225806451
10379,63,35.1,16,0.1,505.44000000000005,0.025609284332688588,0.03024193548387097
10379,65,16.8,20,0.1,302.40000000000003,0.011450676982591878,0.038306451612903226
10380,30,20.7,18,0.1,335.34,0.014468085106382977,0.034274193548387094
10380,53,26.2,20,0.1,471.6,0.018723404255319147,0.038306451612903226
10380,60,27.2,6,0.1,146.88,0.019497098646034817,0.010080645161290322
10380,70,12.0,30,0.0,360.0,0.007736943907156673,0.05846774193548387
10381,74,8.0,14,0.0,112.0,0.0046421663442940036,0.02620967741935484
10382,5,17.0,32,0.0,544.0,0.01160541586073501,0.0625
10382,18,50.0,9,0.0,450.0,0.03713733075435203,0.016129032258064516
10382,29,99.0,14,0.0,1386.0,0.07504835589941973,0.02620967741935484
10382,33,2.0,60,0.0,120.0,0.0,0.11895161290322581
10382,74,8.0,50,0.0,400.0,0.0046421663442940036,0.09879032258064516
10383,13,4.8,20,0.0,96.0,0.0021663442940038683,0.038306451612903226
10383,50,13.0,15,0.0,195.0,0.00851063829787234,0.028225806451612902
10383,56,30.4,20,0.0,608.0,0.02197292069632495,0.038306451612903226
10384,20,64.8,28,0.0,1814.3999999999999,0.048588007736943904,0.05443548387096774
10384,60,27.2,15,0.0,408.0,0.019497098646034817,0.028225806451612902
10385,7,24.0,10,0.2,192.0,0.01702127659574468,0.018145161290322582
10385,60,27.2,20,0.2,435.20000000000005,0.019497098646034817,0.038306451612903226
10385,68,10.0,8,0.2,64.0,0.006189555125725338,0.014112903225806451
10386,24,3.6,15,0.0,54.0,0.0012379110251450678,0.028225806451612902
10386,34,11.2,10,0.0,112.0,0.007117988394584138,0.018145161290322582
10387,24,3.6,15,0.0,54.0,0.0012379110251450678,0.028225806451612902
10387,28,36.4,6,0.0,218.39999999999998,0.026615087040618955,0.010080645161290322
10387,59,44.0,12,0.0,528.0,0.03249516441005803,0.02217741935483871
10387,71,17.2,15,0.0,258.0,0.011760154738878143,0.028225806451612902
10388,45,7.6,15,0.2,91.2,0.004332688588007737,0.028225806451612902
10388,52,5.6,20,0.2,89.60000000000001,0.0027852998065764022,0.038306451612903226
10388,53,26.2,40,0.0,1048.0,0.018723404255319147,0.07862903225806452
10389,55,19.2,15,0.0,288.0,0.013307543520309478,0.028225806451612902
10389,62,39.4,20,0.0,788.0,0.028936170212765955,0.038306451612903226
10389,70,12.0,30,0.0,360.0,0.007736943907156673,0.05846774193548387
10390,31,10.0,60,0.1,540.0,0.006189555125725338,0.11895161290322581
10390,35,14.4,40,0.1,518.4,0.009593810444874276,0.07862903225806452
10390,46,9.6,45,0.0,432.0,0.005880077369439071,0.08870967741935484
10390,72,27.8,24,0.1,600.48,0.019961315280464218,0.046370967741935484
10391,13,4.8,18,0.0,86.39999999999999,0.0021663442940038683,0.034274193548387094
10392,69,28.8,353,0.0,10166.4,0.020735009671179885,0.7096774193548387
10393,2,15.2,25,0.25,285.0,0.010212765957446808,0.04838709677419355
10393,14,18.6,42,0.25,585.9000000000001,0.012843326885880078,0.08266129032258064
10393,25,11.2,7,0.25,58.8,0.007117988394584138,0.012096774193548387
10393,26,24.9,70,0.25,1307.25,0.01771760154738878,0.13911290322580644
10393,31,10.0,32,0.0,320.0,0.006189555125725338,0.0625
10394,13,4.8,10,0.0,48.0,0.0021663442940038683,0.018145161290322582
10394,62,39.4,10,0.0,394.0,0.028936170212765955,0.018145161290322582
10395,46,9.6,28,0.1,241.92000000000002,0.005880077369439071,0.05443548387096774
10395,53,26.2,70,0.1,1650.6000000000001,0.018723404255319147,0.13911290322580644
10395,69,28.8,8,0.0,230.4,0.020735009671179885,0.014112903225806451
10396,23,7.2,40,0.0,288.0,0.0040232108317214705,0.07862903225806452
10396,71,17.2,60,0.0,1032.0,0.011760154738878143,0.11895161290322581
10396,72,27.8,21,0.0,583.8000000000001,0.019961315280464218,0.04032258064516129
10397,21,8.0,10,0.15,68.0,0.0046421663442940036,0.018145161290322582
10397,51,42.4,18,0.15,648.7199999999999,0.03125725338491296,0.034274193548387094
10398,35,14.4,30,0.0,432.0,0.009593810444874276,0.05846774193548387
10398,55,19.2,120,0.1,2073.6,0.013307543520309478,0.2399193548387097
10399,68,10.0,60,0.0,600.0,0.006189555125725338,0.11895161290322581
10399,71,17.2,30,0.0,516.0,0.011760154738878143,0.05846774193548387
10399,76,14.4,35,0.0,504.0,0.009593810444874276,0.06854838709677419
10400,29,99.0,21,0.0,2079.0,0.07504835589941973,0.04032258064516129
10400,35,14.4,35,0.0,504.0,0.009593810444874276,0.06854838709677419
10400,49,16.0,30,0.0,480.0,0.010831721470019342,0.05846774193548387
10401,30,20.7,18,0.0,372.59999999999997,0.014468085106382977,0.034274193548387094
10401,56,30.4,70,0.0,2128.0,0.02197292069632495,0.13911290322580644
10401,65,16.8,20,0.0,336.0,0.011450676982591878,0.038306451612903226
10401,71,17.2,60,0.0,1032.0,0.011760154738878143,0.11895161290322581
10402,23,7.2,60,0.0,432.0,0.0040232108317214705,0.11895161290322581
10402,63,35.1,65,0.0,2281.5,0.025609284332688588,0.12903225806451613
10403,16,13.9,21,0.15,248.115,0.00920696324951644,0.04032258064516129
10403,48,10.2,70,0.15,606.9,0.006344294003868472,0.13911290322580644
10404,26,24.9,30,0.05,709.65,0.01771760154738878,0.05846774193548387
10404,42,11.2,40,0.05,425.59999999999997,0.007117988394584138,0.07862903225806452
10404,49,16.0,20,0.05,304.0,0.010831721470019342,0.038306451612903226
10405,3,8.0,50,0.0,400.0,0.0046421663442940036,0.09879032258064516
10406,1,14.4,10,0.0,144.0,0.009593810444874276,0.018145161290322582
10406,21,8.0,30,0.1,216.0,0.0046421663442940036,0.05846774193548387
10406,28,36.4,42,0.1,1375.92,0.026615087040618955,0.08266129032258064
10406,36,15.2,5,0.1,68.4,0.010212765957446808,0.008064516129032258
10406,40,14.7,2,0.1,26.46,0.009825918762088975,0.0020161290322580645
10407,11,16.8,30,0.0,504.0,0.011450676982591878,0.05846774193548387
10407,69,28.8,15,0.0,432.0,0.020735009671179885,0.028225806451612902
10407,71,17.2,15,0.0,258.0,0.011760154738878143,0.028225806451612902
10408,37,20.8,10,0.0,208.0,0.014545454545454545,0.018145161290322582
10408,54,5.9,6,0.0,35.400000000000006,0.003017408123791103,0.010080645161290322
10408,62,39.4,35,0.0,1379.0,0.028936170212765955,0.06854838709677419
10409,14,18.6,12,0.0,223.20000000000002,0.012843326885880078,0.02217741935483871
10409,21,8.0,12,0.0,96.0,0.0046421663442940036,0.02217741935483871
10410,33,2.0,49,0.0,98.0,0.0,0.0967741935483871
10410,59,44.0,16,0.0,704.0,0.03249516441005803,0.03024193548387097
10411,41,7.7,25,0.2,154.0,0.004410058027079304,0.04838709677419355
10411,44,15.5,40,0.2,496.0,0.010444874274661509,0.07862903225806452
10411,59,44.0,9,0.2,316.8,0.03249516441005803,0.016129032258064516
10413,1,14.4,24,0.0,345.6,0.009593810444874276,0.046370967741935484
10413,62,39.4,40,0.0,1576.0,0.028936170212765955,0.07862903225806452
10413,76,14.4,14,0.0,201.6,0.009593810444874276,0.02620967741935484
10414,19,7.3,18,0.05,124.83,0.004100580270793037,0.034274193548387094
10414,33,2.0,50,0.0,100.0,0.0,0.09879032258064516
10415,17,31.2,2,0.0,62.4,0.022591876208897486,0.0020161290322580645
10415,33,2.0,20,0.0,40.0,0.0,0.038306451612903226
10416,19,7.3,20,0.0,146.0,0.004100580270793037,0.038306451612903226
10416,53,26.2,10,0.0,262.0,0.018723404255319147,0.018145161290322582
10416,57,15.6,20,0.0,312.0,0.010522243713733075,0.038306451612903226
10417,38,210.8,50,0.0,10540.0,0.16154738878143135,0.09879032258064516
10417,46,9.6,2,0.25,14.399999999999999,0.005880077369439071,0.0020161290322580645
10417,68,10.0,36,0.25,270.0,0.006189555125725338,0.07056451612903226
10417,77,10.4,35,0.0,364.0,0.006499032882011605,0.06854838709677419
10418,2,15.2,60,0.0,912.0,0.010212765957446808,0.11895161290322581
10418,47,7.6,55,0.0,418.0,0.004332688588007737,0.10887096774193548
10418,61,22.8,16,0.0,364.8,0.016092843326885882,0.03024193548387097
10418,74,8.0,15,0.0,120.0,0.0046421663442940036,0.028225806451612902
10419,60,27.2,60,0.05,1550.3999999999999,0.019497098646034817,0.11895161290322581
10419,69,28.8,20,0.05,547.1999999999999,0.020735009671179885,0.038306451612903226
10420,9,77.6,20,0.1,1396.8,0.05849129593810445,0.038306451612903226
10420,13,4.8,2,0.1,8.64,0.0021663442940038683,0.0020161290322580645
10420,70,12.0,8,0.1,86.4,0.007736943907156673,0.014112903225806451
10420,73,12.0,20,0.1,216.0,0.007736943907156673,0.038306451612903226
10421,19,7.3,4,0.15,24.82,0.004100580270793037,0.006048387096774193
10421,26,24.9,30,0.0,747.0,0.01771760154738878,0.05846774193548387
10421,53,26.2,15,0.15,334.05,0.018723404255319147,0.028225806451612902
10421,77,10.4,10,0.15,88.39999999999999,0.006499032882011605,0.018145161290322582
10422,26,24.9,2,0.0,49.8,0.01771760154738878,0.0020161290322580645
10423,31,10.0,14,0.0,140.0,0.006189555125725338,0.02620967741935484
10423,59,44.0,20,1.5,-440.0,0.03249516441005803,0.038306451612903226
10424,35,14.4,60,0.2,691.2,0.009593810444874276,0.11895161290322581
10424,38,210.8,49,0.2,8263.36,0.16154738878143135,0.0967741935483871
10424,68,10.0,30,0.2,240.0,0.006189555125725338,0.05846774193548387
10425,55,19.2,10,0.25,144.0,0.013307543520309478,0.018145161290322582
10425,76,14.4,20,0.25,216.0,0.009593810444874276,0.038306451612903226
10426,56,30.4,5,0.0,152.0,0.02197292069632495,0.008064516129032258
10426,64,26.6,7,0.0,186.20000000000002,0.019032882011605416,0.012096774193548387
10427,14,18.6,35,0.0,651.0,0.012843326885880078,0.06854838709677419
10428,46,9.6,20,0.0,192.0,0.005880077369439071,0.038306451612903226
10429,50,13.0,40,0.0,520.0,0.00851063829787234,0.07862903225806452
10429,63,35.1,35,0.25,921.375,0.025609284332688588,0.06854838709677419
10430,17,31.2,45,0.2,1123.2,0.022591876208897486,0.08870967741935484
10430,21,8.0,50,0.0,400.0,0.0046421663442940036,0.09879032258064516
10430,56,30.4,30,0.0,912.0,0.02197292069632495,0.05846774193548387
10430,59,44.0,70,0.2,2464.0,0.03249516441005803,0.13911290322580644
10431,17,31.2,50,0.25,1170.0,0.022591876208897486,0.09879032258064516
10431,40,14.7,50,0.25,551.25,0.009825918762088975,0.09879032258064516
10431,47,7.6,30,0.25,171.0,0.004332688588007737,0.05846774193548387
10432,26,24.9,10,0.0,249.0,0.01771760154738878,0.018145161290322582
10432,54,5.9,40,0.0,236.0,0.003017408123791103,0.07862903225806452
10433,56,30.4,28,0.0,851.1999999999999,0.02197292069632495,0.05443548387096774
10434,11,16.8,6,0.0,100.80000000000001,0.011450676982591878,0.010080645161290322
10434,76,14.4,18,0.15,220.32,0.009593810444874276,0.034274193548387094
10435,2,15.2,10,0.0,152.0,0.010212765957446808,0.018145161290322582
10435,22,16.8,12,0.0,201.60000000000002,0.011450676982591878,0.02217741935483871
10435,72,27.8,10,0.0,278.0,0.019961315280464218,0.018145161290322582
10436,46,9.6,5,0.0,48.0,0.005880077369439071,0.008064516129032258
10436,56,30.4,40,0.1,1094.4,0.02197292069632495,0.07862903225806452
10436,64,26.6,30,0.1,718.2,0.019032882011605416,0.05846774193548387
10436,75,6.2,24,0.1,133.92000000000002,0.0032495164410058027,0.046370967741935484
10437,53,26.2,15,0.0,393.0,0.018723404255319147,0.028225806451612902
10438,19,7.3,15,0.2,87.60000000000001,0.004100580270793037,0.028225806451612902
10438,34,11.2,20,0.2,179.20000000000002,0.007117988394584138,0.038306451612903226
10438,57,15.6,15,0.2,187.20000000000002,0.010522243713733075,0.028225806451612902
10439,12,30.4,15,0.0,456.0,0.02197292069632495,0.028225806451612902
10439,16,13.9,16,0.0,222.4,0.00920696324951644,0.03024193548387097
10439,64,26.6,6,0.0,159.60000000000002,0.019032882011605416,0.010080645161290322
10439,74,8.0,30,0.0,240.0,0.0046421663442940036,0.05846774193548387
10440,2,15.2,45,0.15,581.4,0.010212765957446808,0.08870967741935484
10440,16,13.9,49,0.15,578.9350000000001,0.00920696324951644,0.0967741935483871
10440,29,99.0,24,0.15,2019.6,0.07504835589941973,0.046370967741935484
10440,61,22.8,90,0.15,1744.2,0.016092843326885882,0.17943548387096775
10441,27,35.1,50,0.0,1755.0,0.025609284332688588,0.09879032258064516
10442,11,16.8,30,0.0,504.0,0.011450676982591878,0.05846774193548387
10442,54,5.9,80,0.0,472.0,0.003017408123791103,0.1592741935483871
10442,66,13.6,60,0.0,816.0,0.00897485493230174,0.11895161290322581
10443,11,16.8,6,0.2,80.64000000000001,0.011450676982591878,0.010080645161290322
10443,28,36.4,12,0.0,436.79999999999995,0.026615087040618955,0.02217741935483871
10444,17,31.2,10,0.0,312.0,0.022591876208897486,0.018145161290322582
10444,26,24.9,15,0.0,373.5,0.01771760154738878,0.028225806451612902
10444,35,14.4,8,0.0,115.2,0.009593810444874276,0.014112903225806451
10444,41,7.7,30,0.0,231.0,0.004410058027079304,0.05846774193548387
10445,39,14.4,6,0.0,86.4,0.009593810444874276,0.010080645161290322
10445,54,5.9,15,0.0,88.5,0.003017408123791103,0.028225806451612902
10446,19,7.3,12,0.1,78.84,0.004100580270793037,0.02217741935483871
10446,24,3.6,20,0.1,64.8,0.0012379110251450678,0.038306451612903226
10446,31,10.0,3,0.1,27.0,0.006189555125725338,0.004032258064516129
10446,52,5.6,15,0.1,75.60000000000001,0.0027852998065764022,0.028225806451612902
10447,19,7.3,40,0.0,292.0,0.004100580270793037,0.07862903225806452
10447,65,16.8,35,0.0,588.0,0.011450676982591878,0.06854838709677419
10447,71,17.2,310,0.0,5332.0,0.011760154738878143,0.6229838709677419
10448,26,24.9,6,0.0,149.39999999999998,0.01771760154738878,0.010080645161290322
10448,40,14.7,20,0.0,294.0,0.009825918762088975,0.038306451612903226
10449,10,24.8,14,0.0,347.2,0.017640232108317215,0.02620967741935484
10449,52,5.6,20,0.0,112.0,0.0027852998065764022,0.038306451612903226
10449,62,39.4,35,0.0,1379.0,0.028936170212765955,0.06854838709677419
10450,10,24.8,20,0.2,396.8,0.017640232108317215,0.038306451612903226
10450,54,5.9,6,0.2,28.320000000000007,0.003017408123791103,0.010080645161290322
10451,55,19.2,120,0.1,2073.6,0.013307543520309478,0.2399193548387097
10451,64,26.6,35,0.1,837.9,0.019032882011605416,0.06854838709677419
10451,65,16.8,28,0.1,423.36,0.011450676982591878,0.05443548387096774
10451,77,10.4,55,0.1,514.8000000000001,0.006499032882011605,0.10887096774193548
10452,28,36.4,15,0.0,546.0,0.026615087040618955,0.028225806451612902
10452,44,15.5,100,0.05,1472.5,0.010444874274661509,0.19959677419354838
10453,48,10.2,15,0.1,137.70000000000002,0.006344294003868472,0.028225806451612902
10453,70,12.0,25,0.1,270.0,0.007736943907156673,0.04838709677419355
10454,16,13.9,20,0.2,222.4,0.00920696324951644,0.038306451612903226
10454,33,2.0,20,0.2,32.0,0.0,0.038306451612903226
10454,46,9.6,10,0.2,76.80000000000001,0.005880077369439071,0.018145161290322582
10455,39,14.4,20,0.0,288.0,0.009593810444874276,0.038306451612903226
10455,53,26.2,50,0.0,1310.0,0.018723404255319147,0.09879032258064516
10455,61,22.8,25,0.0,570.0,0.016092843326885882,0.04838709677419355
10455,71,17.2,30,0.0,516.0,0.011760154738878143,0.05846774193548387
10456,21,8.0,40,0.15,272.0,0.0046421663442940036,0.07862903225806452
10456,49,16.0,21,0.15,285.59999999999997,0.010831721470019342,0.04032258064516129
10457,59,44.0,36,0.0,1584.0,0.03249516441005803,0.07056451612903226
10458,26,24.9,30,0.0,747.0,0.01771760154738878,0.05846774193548387
10458,28,36.4,30,0.0,1092.0,0.026615087040618955,0.05846774193548387
10458,43,36.8,20,0.0,736.0,0.02692456479690522,0.038306451612903226
10458,56,30.4,15,0.0,456.0,0.02197292069632495,0.028225806451612902
10458,71,17.2,50,0.0,860.0,0.011760154738878143,0.09879032258064516
10459,7,24.0,16,0.05,364.79999999999995,0.01702127659574468,0.03024193548387097
10459,46,9.6,20,0.05,182.39999999999998,0.005880077369439071,0.038306451612903226
10459,72,27.8,40,0.0,1112.0,0.019961315280464218,0.07862903225806452
10460,68,10.0,21,0.25,157.5,0.006189555125725338,0.04032258064516129
10460,75,6.2,4,0.25,18.6,0.0032495164410058027,0.006048387096774193
10461,21,8.0,40,0.25,240.0,0.0046421663442940036,0.07862903225806452
10461,30,20.7,28,0.25,434.70000000000005,0.014468085106382977,0.05443548387096774
10461,55,19.2,60,0.25,864.0,0.013307543520309478,0.11895161290322581
10462,13,4.8,1,0.0,4.8,0.0021663442940038683,0.0
10462,23,7.2,21,0.0,151.20000000000002,0.0040232108317214705,0.04032258064516129
10463,19,7.3,21,0.0,153.29999999999998,0.004100580270793037,0.04032258064516129
10463,42,11.2,50,0.0,560.0,0.007117988394584138,0.09879032258064516
10464,4,17.6,16,0.2,225.28000000000003,0.012069632495164411,0.03024193548387097
10464,43,36.8,3,0.0,110.39999999999999,0.02692456479690522,0.004032258064516129
10464,56,30.4,30,0.2,729.6,0.02197292069632495,0.05846774193548387
10464,60,27.2,20,0.0,544.0,0.019497098646034817,0.038306451612903226
10465,24,3.6,25,0.0,90.0,0.0012379110251450678,0.04838709677419355
10465,29,99.0,18,0.1,1603.8,0.07504835589941973,0.034274193548387094
10465,40,14.7,20,0.0,294.0,0.009825918762088975,0.038306451612903226
10465,45,7.6,30,0.1,205.20000000000002,0.004332688588007737,0.05846774193548387
10465,50,13.0,25,0.0,325.0,0.00851063829787234,0.04838709677419355
10466,11,16.8,10,0.0,168.0,0.011450676982591878,0.018145161290322582
10466,46,9.6,5,0.0,48.0,0.005880077369439071,0.008064516129032258
10467,24,3.6,28,0.0,100.8,0.0012379110251450678,0.05443548387096774
10467,25,11.2,12,0.0,134.39999999999998,0.007117988394584138,0.02217741935483871
10468,30,20.7,8,0.0,165.6,0.014468085106382977,0.014112903225806451
10468,43,36.8,15,0.0,552.0,0.02692456479690522,0.028225806451612902
10469,2,15.2,40,0.15,516.8,0.010212765957446808,0.07862903225806452
10469,16,13.9,35,0.15,413.525,0.00920696324951644,0.06854838709677419
10469,44,15.5,2,0.15,26.349999999999998,0.010444874274661509,0.0020161290322580645
10470,18,50.0,30,0.0,1500.0,0.03713733075435203,0.05846774193548387
10470,23,7.2,15,0.0,108.0,0.0040232108317214705,0.028225806451612902
10470,64,26.6,8,0.0,212.8,0.019032882011605416,0.014112903225806451
10471,7,24.0,30,0.0,720.0,0.01702127659574468,0.05846774193548387
10471,56,30.4,20,0.0,608.0,0.02197292069632495,0.038306451612903226
10472,24,3.6,80,0.05,273.59999999999997,0.0012379110251450678,0.1592741935483871
10472,51,42.4,18,0.0,763.1999999999999,0.03125725338491296,0.034274193548387094
10473,33,2.0,12,0.0,24.0,0.0,0.02217741935483871
10473,71,17.2,12,0.0,206.39999999999998,0.011760154738878143,0.02217741935483871
10474,14,18.6,12,0.0,223.20000000000002,0.012843326885880078,0.02217741935483871
10474,28,36.4,18,0.0,655.1999999999999,0.026615087040618955,0.034274193548387094
10474,40,14.7,21,0.0,308.7,0.009825918762088975,0.04032258064516129
10474,75,6.2,10,0.0,62.0,0.0032495164410058027,0.018145161290322582
10475,31,10.0,35,0.15,297.5,0.006189555125725338,0.06854838709677419
10475,66,13.6,60,0.15,693.6,0.00897485493230174,0.11895161290322581
10475,76,14.4,42,0.15,514.08,0.009593810444874276,0.08266129032258064
10476,55,19.2,2,0.0,38.4,0.013307543520309478,0.0020161290322580645
10476,70,12.0,12,0.0,144.0,0.007736943907156673,0.02217741935483871
10477,1,14.4,15,0.0,216.0,0.009593810444874276,0.028225806451612902
10477,21,8.0,21,0.25,126.0,0.0046421663442940036,0.04032258064516129
10477,39,14.4,20,0.25,216.0,0.009593810444874276,0.038306451612903226
10478,10,24.8,20,0.05,471.2,0.017640232108317215,0.038306451612903226
10479,38,210.8,30,0.0,6324.0,0.16154738878143135,0.05846774193548387
10479,53,26.2,28,0.0,733.6,0.018723404255319147,0.05443548387096774
10479,59,44.0,60,0.0,2640.0,0.03249516441005803,0.11895161290322581
10479,64,26.6,30,0.0,798.0,0.019032882011605416,0.05846774193548387
10480,47,7.6,30,0.0,228.0,0.004332688588007737,0.05846774193548387
10480,59,44.0,12,0.0,528.0,0.03249516441005803,0.02217741935483871
10481,49,16.0,24,0.0,384.0,0.010831721470019342,0.046370967741935484
10481,60,27.2,40,0.0,1088.0,0.019497098646034817,0.07862903225806452
10482,40,14.7,10,0.0,147.0,0.009825918762088975,0.018145161290322582
10483,34,11.2,35,0.05,372.4,0.007117988394584138,0.06854838709677419
10483,77,10.4,30,0.05,296.4,0.006499032882011605,0.05846774193548387
10484,21,8.0,14,0.0,112.0,0.0046421663442940036,0.02620967741935484
10484,40,14.7,10,0.0,147.0,0.009825918762088975,0.018145161290322582
10484,51,42.4,3,0.0,127.19999999999999,0.03125725338491296,0.004032258064516129
10485,2,15.2,20,0.1,273.6,0.010212765957446808,0.038306451612903226
10485,3,8.0,20,0.1,144.0,0.0046421663442940036,0.038306451612903226
10485,55,19.2,30,0.1,518.4,0.013307543520309478,0.05846774193548387
10485,70,12.0,60,0.1,648.0,0.007736943907156673,0.11895161290322581
10486,11,16.8,5,0.0,84.0,0.011450676982591878,0.008064516129032258
10486,51,42.4,25,0.0,1060.0,0.03125725338491296,0.04838709677419355
10486,74,8.0,16,0.0,128.0,0.0046421663442940036,0.03024193548387097
10487,19,7.3,5,0.0,36.5,0.004100580270793037,0.008064516129032258
10487,26,24.9,30,0.0,747.0,0.01771760154738878,0.05846774193548387
10487,54,5.9,24,0.25,106.20000000000002,0.003017408123791103,0.046370967741935484
10488,59,44.0,30,0.0,1320.0,0.03249516441005803,0.05846774193548387
10488,73,12.0,20,0.2,192.0,0.007736943907156673,0.038306451612903226
10489,11,16.8,15,0.25,189.0,0.011450676982591878,0.028225806451612902
10489,16,13.9,18,0.0,250.20000000000002,0.00920696324951644,0.034274193548387094
10490,68,10.0,30,0.0,300.0,0.006189555125725338,0.05846774193548387
10490,75,6.2,36,0.0,223.20000000000002,0.0032495164410058027,0.07056451612903226
10491,44,15.5,15,0.15,197.625,0.010444874274661509,0.028225806451612902
10491,77,10.4,7,0.15,61.879999999999995,0.006499032882011605,0.012096774193548387
10492,25,11.2,60,0.05,638.4,0.007117988394584138,0.11895161290322581
10492,42,11.2,20,0.05,212.79999999999998,0.007117988394584138,0.038306451612903226
10493,65,16.8,15,0.1,226.8,0.011450676982591878,0.028225806451612902
10493,66,13.6,10,0.1,122.4,0.00897485493230174,0.018145161290322582
10493,69,28.8,10,0.1,259.2,0.020735009671179885,0.018145161290322582
10494,56,30.4,30,0.0,912.0,0.02197292069632495,0.05846774193548387
10495,23,7.2,10,0.0,72.0,0.0040232108317214705,0.018145161290322582
10495,41,7.7,20,0.0,154.0,0.004410058027079304,0.038306451612903226
10495,77,10.4,5,0.0,52.0,0.006499032882011605,0.008064516129032258
10496,31,10.0,20,0.05,190.0,0.006189555125725338,0.038306451612903226
10497,56,30.4,14,0.0,425.59999999999997,0.02197292069632495,0.02620967741935484
10497,72,27.8,25,0.0,695.0,0.019961315280464218,0.04838709677419355
10497,77,10.4,25,0.0,260.0,0.006499032882011605,0.04838709677419355
10498,24,4.5,14,0.0,63.0,0.0019342359767891683,0.02620967741935484
10498,40,18.4,5,0.0,92.0,0.012688588007736944,0.008064516129032258
10498,42,14.0,30,0.0,420.0,0.009284332688588007,0.05846774193548387
10499,28,45.6,20,0.0,912.0,0.0337330754352031,0.038306451612903226
10499,49,20.0,25,0.0,500.0,0.013926499032882012,0.04838709677419355
10500,15,15.5,12,0.05,176.7,0.010444874274661509,0.02217741935483871
10500,28,45.6,8,0.05,346.56,0.0337330754352031,0.014112903225806451
10501,54,7.45,20,0.0,149.0,0.004216634429400387,0.038306451612903226
10502,45,9.5,21,0.0,199.5,0.005802707930367505,0.04032258064516129
10502,53,32.8,6,0.0,196.79999999999998,0.02382978723404255,0.010080645161290322
10502,67,14.0,30,0.0,420.0,0.009284332688588007,0.05846774193548387
10503,14,23.25,70,0.0,1627.5,0.01644100580270793,0.13911290322580644
10503,65,21.05,20,0.0,421.0,0.014738878143133462,0.038306451612903226
10504,2,19.0,12,0.0,228.0,0.013152804642166345,0.02217741935483871
10504,21,10.0,12,0.0,120.0,0.006189555125725338,0.02217741935483871
10504,53,32.8,10,0.0,328.0,0.02382978723404255,0.018145161290322582
10504,61,28.5,25,0.0,712.5,0.020502901353965184,0.04838709677419355
10505,62,49.3,3,0.0,147.89999999999998,0.03659574468085106,0.004032258064516129
10506,25,14.0,18,0.1,226.8,0.009284332688588007,0.034274193548387094
10506,70,15.0,14,0.1,189.0,0.010058027079303675,0.02620967741935484
10507,43,46.0,15,0.15,586.5,0.03404255319148936,0.028225806451612902
10507,48,12.75,15,0.15,162.5625,0.008317214700193424,0.028225806451612902
10508,13,6.0,10,0.0,60.0,0.003094777562862669,0.018145161290322582
10508,39,18.0,10,0.0,180.0,0.012379110251450677,0.018145161290322582
10509,28,45.6,3,0.0,136.8,0.0337330754352031,0.004032258064516129
10510,75,7.75,36,0.1,251.1,0.004448742746615087,0.07056451612903226
10511,4,22.0,50,0.15,935.0,0.015473887814313346,0.09879032258064516
10511,7,30.0,50,0.15,1275.0,0.021663442940038684,0.09879032258064516
10511,8,40.0,10,0.15,340.0,0.029400386847195356,0.018145161290322582
10512,24,4.5,10,0.15,38.25,0.0019342359767891683,0.018145161290322582
10512,46,12.0,9,0.15,91.8,0.007736943907156673,0.016129032258064516
10512,47,9.5,6,0.15,48.449999999999996,0.005802707930367505,0.010080645161290322
10512,60,34.0,12,0.15,346.8,0.024758220502901353,0.02217741935483871
10513,21,10.0,40,0.2,320.0,0.006189555125725338,0.07862903225806452
10513,32,32.0,50,0.2,1280.0,0.02321083172147002,0.09879032258064516
10513,61,28.5,15,0.2,342.0,0.020502901353965184,0.028225806451612902
10514,20,81.0,39,0.0,3159.0,0.06112185686653772,0.07661290322580645
10514,28,45.6,35,0.0,1596.0,0.0337330754352031,0.06854838709677419
10514,56,38.0,70,0.0,2660.0,0.027852998065764023,0.13911290322580644
10514,65,21.05,39,0.0,820.95,0.014738878143133462,0.07661290322580645
10514,75,7.75,50,0.0,387.5,0.004448742746615087,0.09879032258064516
10515,9,97.0,16,0.15,1319.2,0.0735009671179884,0.03024193548387097
10515,16,17.45,50,0.0,872.5,0.01195357833655706,0.09879032258064516
10515,27,43.9,120,0.0,5268.0,0.03241779497098646,0.2399193548387097
10515,33,2.5,20,0.15,42.5,0.00038684719535783365,0.038306451612903226
10515,60,34.0,84,0.15,2427.6,0.024758220502901353,0.16733870967741934
10516,18,62.5,25,0.1,1406.25,0.04680851063829787,0.04838709677419355
10516,41,9.65,80,0.1,694.8000000000001,0.005918762088974855,0.1592741935483871
10516,42,14.0,20,0.0,280.0,0.009284332688588007,0.038306451612903226
10517,52,7.0,6,0.0,42.0,0.0038684719535783366,0.010080645161290322
10517,59,55.0,4,0.0,220.0,0.04100580270793037,0.006048387096774193
10517,70,15.0,6,0.0,90.0,0.010058027079303675,0.010080645161290322
10518,24,4.5,5,0.0,22.5,0.0019342359767891683,0.008064516129032258
10518,38,263.5,15,0.0,3952.5,0.202321083172147,0.028225806451612902
10518,44,19.45,9,0.0,175.04999999999998,0.013500967117988394,0.016129032258064516
10519,10,31.0,16,0.05,471.2,0.02243713733075435,0.03024193548387097
10519,56,38.0,40,0.0,1520.0,0.027852998065764023,0.07862903225806452
10519,60,34.0,10,0.05,323.0,0.024758220502901353,0.018145161290322582
10520,24,4.5,8,0.0,36.0,0.0019342359767891683,0.014112903225806451
10520,53,32.8,5,0.0,164.0,0.02382978723404255,0.008064516129032258
10521,35,18.0,3,0.0,54.0,0.012379110251450677,0.004032258064516129
10521,41,9.65,10,0.0,96.5,0.005918762088974855,0.018145161290322582
10521,68,12.5,6,0.0,75.0,0.008123791102514507,0.010080645161290322
10522,1,18.0,40,0.2,576.0,0.012379110251450677,0.07862903225806452
10522,8,40.0,24,0.0,960.0,0.029400386847195356,0.046370967741935484
10522,30,25.89,20,0.2,414.24,0.01848355899419729,0.038306451612903226
10522,40,18.4,25,0.2,368.0,0.012688588007736944,0.04838709677419355
10523,17,39.0,25,0.1,877.5,0.02862669245647969,0.04838709677419355
10523,20,81.0,15,0.1,1093.5,0.06112185686653772,0.028225806451612902
10523,37,26.0,18,0.1,421.2,0.018568665377176014,0.034274193548387094
10523,41,9.65,6,0.1,52.11000000000001,0.005918762088974855,0.010080645161290322
10524,10,31.0,2,0.0,62.0,0.02243713733075435,0.0020161290322580645
10524,30,25.89,10,0.0,258.9,0.01848355899419729,0.018145161290322582
10524,43,46.0,60,0.0,2760.0,0.03404255319148936,0.11895161290322581
10524,54,7.45,15,0.0,111.75,0.004216634429400387,0.028225806451612902
10525,36,19.0,30,0.0,570.0,0.013152804642166345,0.05846774193548387
10525,40,18.4,15,0.1,248.4,0.012688588007736944,0.028225806451612902
10526,1,18.0,8,0.15,122.39999999999999,0.012379110251450677,0.014112903225806451
10526,13,6.0,10,0.0,60.0,0.003094777562862669,0.018145161290322582
10526,56,38.0,30,0.15,969.0,0.027852998065764023,0.05846774193548387
10527,4,22.0,50,0.1,990.0,0.015473887814313346,0.09879032258064516
10527,36,19.0,30,0.1,513.0,0.013152804642166345,0.05846774193548387
10528,11,21.0,3,0.0,63.0,0.014700193423597678,0.004032258064516129
10528,33,2.5,8,0.2,16.0,0.00038684719535783365,0.014112903225806451
10528,72,34.8,9,0.0,313.2,0.025377176015473887,0.016129032258064516
10529,55,24.0,14,0.0,336.0,0.01702127659574468,0.02620967741935484
10529,68,12.5,20,0.0,250.0,0.008123791102514507,0.038306451612903226
10529,69,36.0,10,0.0,360.0,0.02630560928433269,0.018145161290322582
10530,17,39.0,40,0.0,1560.0,0.02862669245647969,0.07862903225806452
10530,43,46.0,25,0.0,1150.0,0.03404255319148936,0.04838709677419355
10530,61,28.5,20,0.0,570.0,0.020502901353965184,0.038306451612903226
10530,76,18.0,50,0.0,900.0,0.012379110251450677,0.09879032258064516
10531,59,55.0,2,0.0,110.0,0.04100580270793037,0.0020161290322580645
10532,30,25.89,15,0.0,388.35,0.01848355899419729,0.028225806451612902
10532,66,17.0,24,0.0,408.0,0.01160541586073501,0.046370967741935484
10533,4,22.0,50,0.05,1045.0,0.015473887814313346,0.09879032258064516
10533,72,34.8,24,0.0,835.1999999999999,0.025377176015473887,0.046370967741935484
10533,73,15.0,24,0.05,342.0,0.010058027079303675,0.046370967741935484
10534,30,25.89,10,0.0,258.9,0.01848355899419729,0.018145161290322582
10534,40,18.4,10,0.2,147.20000000000002,0.012688588007736944,0.018145161290322582
10534,54,7.45,10,0.2,59.6,0.004216634429400387,0.018145161290322582
10535,11,21.0,50,0.1,945.0,0.014700193423597678,0.09879032258064516
10535,40,18.4,10,0.1,165.6,0.012688588007736944,0.018145161290322582
10535,57,19.5,5,0.1,87.75,0.013539651837524178,0.008064516129032258
10535,59,55.0,15,0.1,742.5,0.04100580270793037,0.028225806451612902
10536,12,895.0,15,0.25,10068.75,0.6909090909090909,0.028225806451612902
10536,31,12.5,20,0.0,250.0,0.008123791102514507,0.038306451612903226
10536,33,2.5,30,0.0,75.0,0.00038684719535783365,0.05846774193548387
10536,60,34.0,35,0.25,892.5,0.024758220502901353,0.06854838709677419
10537,31,12.5,30,0.0,375.0,0.008123791102514507,0.05846774193548387
10537,51,53.0,6,0.0,318.0,0.039458413926499035,0.010080645161290322
10537,58,13.25,20,0.0,265.0,0.008704061895551257,0.038306451612903226
10537,72,34.8,21,0.0,730.8,0.025377176015473887,0.04032258064516129
10537,73,15.0,9,0.0,135.0,0.010058027079303675,0.016129032258064516
10538,70,15.0,7,0.0,105.0,0.010058027079303675,0.012096774193548387
10538,72,34.8,1,0.0,34.8,0.025377176015473887,0.0
10539,13,6.0,8,0.0,48.0,0.003094777562862669,0.014112903225806451
10539,21,10.0,15,0.0,150.0,0.006189555125725338,0.028225806451612902
10539,33,2.5,15,0.0,37.5,0.00038684719535783365,0.028225806451612902
10539,49,20.0,6,0.0,120.0,0.013926499032882012,0.010080645161290322
10540,3,10.0,60,0.0,600.0,0.006189555125725338,0.11895161290322581
10540,26,31.23,40,0.0,1249.2,0.022615087040618955,0.07862903225806452
10540,38,263.5,30,0.0,7905.0,0.202321083172147,0.05846774193548387
10540,68,12.5,35,0.0,437.5,0.008123791102514507,0.06854838709677419
10541,24,4.5,35,0.1,141.75,0.0019342359767891683,0.06854838709677419
99999,38,263.5,4,0.1,948.6,0.202321083172147,0.006048387096774193
10541,65,21.05,36,0.1,682.0200000000001,0.014738878143133462,0.07056451612903226
10541,71,21.5,9,0.1,174.15,0.015087040618955513,0.016129032258064516
10542,11,21.0,15,0.05,299.25,0.014700193423597678,0.028225806451612902
10542,54,7.45,24,0.05,169.86,0.004216634429400387,0.046370967741935484
10543,12,38.0,30,0.15,969.0,0.027852998065764023,0.05846774193548387
10543,23,9.0,70,0.15,535.5,0.005415860735009671,0.13911290322580644
10544,28,45.6,7,0.0,319.2,0.0337330754352031,0.012096774193548387
10544,67,14.0,7,0.0,98.0,0.009284332688588007,0.012096774193548387
10545,11,21.0,10,0.0,210.0,0.014700193423597678,0.018145161290322582
10546,7,30.0,10,0.0,300.0,0.021663442940038684,0.018145161290322582
10546,35,18.0,30,0.0,540.0,0.012379110251450677,0.05846774193548387
10546,62,49.3,40,0.0,1972.0,0.03659574468085106,0.07862903225806452
10547,32,32.0,24,0.15,652.8,0.02321083172147002,0.046370967741935484
10547,36,19.0,60,0.0,1140.0,0.013152804642166345,0.11895161290322581
10548,34,14.0,10,0.25,105.0,0.009284332688588007,0.018145161290322582
10548,41,9.65,14,0.0,135.1,0.005918762088974855,0.02620967741935484
10549,31,12.5,55,0.15,584.375,0.008123791102514507,0.10887096774193548
10549,45,9.5,100,0.15,807.5,0.005802707930367505,0.19959677419354838
10549,51,53.0,48,0.15,2162.4,0.039458413926499035,0.09475806451612903
10550,17,39.0,8,0.1,280.8,0.02862669245647969,0.014112903225806451
10550,19,9.2,10,0.0,92.0,0.0055705996131528044,0.018145161290322582
10550,21,10.0,6,0.1,54.0,0.006189555125725338,0.010080645161290322
10550,61,28.5,10,0.1,256.5,0.020502901353965184,0.018145161290322582
10551,16,17.45,40,0.15,593.3,0.01195357833655706,0.07862903225806452
10551,35,18.0,20,0.15,306.0,0.012379110251450677,0.038306451612903226
10551,44,19.45,40,0.0,778.0,0.013500967117988394,0.07862903225806452
10552,69,36.0,18,0.0,648.0,0.02630560928433269,0.034274193548387094
10552,75,7.75,30,0.0,232.5,0.004448742746615087,0.05846774193548387
10553,11,21.0,15,0.0,315.0,0.014700193423597678,0.028225806451612902
10553,16,17.45,14,0.0,244.29999999999998,0.01195357833655706,0.02620967741935484
10553,22,21.0,24,0.0,504.0,0.014700193423597678,0.046370967741935484
10553,31,12.5,30,0.0,375.0,0.008123791102514507,0.05846774193548387
10553,35,18.0,6,0.0,108.0,0.012379110251450677,0.010080645161290322
10554,16,17.45,30,0.05,497.325,0.01195357833655706,0.05846774193548387
10554,23,9.0,20,0.05,171.0,0.005415860735009671,0.038306451612903226
10554,62,49.3,20,0.05,936.6999999999999,0.03659574468085106,0.038306451612903226
10554,77,13.0,10,0.05,123.5,0.00851063829787234,0.018145161290322582
10555,14,23.25,30,0.2,558.0,0.01644100580270793,0.05846774193548387
10555,19,9.2,35,0.2,257.6,0.0055705996131528044,0.06854838709677419
10555,24,4.5,18,0.2,64.8,0.0019342359767891683,0.034274193548387094
10555,51,53.0,20,0.2,848.0,0.039458413926499035,0.038306451612903226
10555,56,38.0,40,0.2,1216.0,0.027852998065764023,0.07862903225806452
10556,72,522.0,24,0.0,12528.0,0.402321083172147,0.046370967741935484
10557,64,33.25,30,0.0,997.5,0.024177949709864602,0.05846774193548387
10557,75,7.75,20,0.0,155.0,0.004448742746615087,0.038306451612903226
10558,47,9.5,25,0.0,237.5,0.005802707930367505,0.04838709677419355
10558,51,53.0,20,0.0,1060.0,0.039458413926499035,0.038306451612903226
10558,52,7.0,30,0.0,210.0,0.0038684719535783366,0.05846774193548387
10558,53,32.8,18,0.0,590.4,0.02382978723404255,0.034274193548387094
10558,73,15.0,3,0.0,45.0,0.010058027079303675,0.004032258064516129
10559,41,9.65,12,0.05,110.01,0.005918762088974855,0.02217741935483871
10559,55,24.0,18,0.05,410.4,0.01702127659574468,0.034274193548387094
10560,30,25.89,20,0.0,517.8,0.01848355899419729,0.038306451612903226
10560,62,49.3,15,0.25,554.625,0.03659574468085106,0.028225806451612902
10561,44,19.45,10,0.0,194.5,0.013500967117988394,0.018145161290322582
10561,51,53.0,50,0.0,2650.0,0.039458413926499035,0.09879032258064516
10562,33,2.5,20,0.1,45.0,0.00038684719535783365,0.038306451612903226
10562,62,49.3,10,0.1,443.7,0.03659574468085106,0.018145161290322582
10563,36,19.0,25,0.0,475.0,0.013152804642166345,0.04838709677419355
10563,52,7.0,70,0.0,490.0,0.0038684719535783366,0.13911290322580644
10564,17,39.0,16,0.05,592.8,0.02862669245647969,0.03024193548387097
10564,31,12.5,6,0.05,71.25,0.008123791102514507,0.010080645161290322
10564,55,24.0,25,0.05,570.0,0.01702127659574468,0.04838709677419355
10565,24,4.5,25,0.1,101.25,0.0019342359767891683,0.04838709677419355
10565,64,33.25,18,0.1,538.65,0.024177949709864602,0.034274193548387094
10566,11,21.0,35,0.15,624.75,0.014700193423597678,0.06854838709677419
10566,18,62.5,18,0.15,956.25,0.04680851063829787,0.034274193548387094
10566,76,18.0,10,0.0,180.0,0.012379110251450677,0.018145161290322582
10567,31,12.5,60,0.2,600.0,0.008123791102514507,0.11895161290322581
10567,51,53.0,3,0.0,159.0,0.039458413926499035,0.004032258064516129
10567,59,55.0,40,0.2,1760.0,0.04100580270793037,0.07862903225806452
10568,10,31.0,5,0.0,155.0,0.02243713733075435,0.008064516129032258
10569,31,12.5,35,0.2,350.0,0.008123791102514507,0.06854838709677419
10569,76,18.0,30,0.0,540.0,0.012379110251450677,0.05846774193548387
10570,11,21.0,15,0.05,299.25,0.014700193423597678,0.028225806451612902
10570,56,38.0,60,0.05,2166.0,0.027852998065764023,0.11895161290322581
10571,14,23.25,11,0.15,217.3875,0.01644100580270793,0.020161290322580645
10571,42,14.0,28,0.15,333.2,0.009284332688588007,0.05443548387096774
10572,16,17.45,12,0.1,188.45999999999998,0.01195357833655706,0.02217741935483871
10572,32,32.0,10,0.1,288.0,0.02321083172147002,0.018145161290322582
10572,40,18.4,50,0.0,919.9999999999999,0.012688588007736944,0.09879032258064516
10572,75,7.75,15,0.1,104.625,0.004448742746615087,0.028225806451612902
10573,17,39.0,18,0.0,702.0,0.02862669245647969,0.034274193548387094
10573,34,14.0,40,0.0,560.0,0.009284332688588007,0.07862903225806452
10573,53,32.8,25,0.0,819.9999999999999,0.02382978723404255,0.04838709677419355
10574,33,2.5,14,0.0,35.0,0.00038684719535783365,0.02620967741935484
10574,40,18.4,2,0.0,36.8,0.012688588007736944,0.0020161290322580645
10574,62,49.3,10,0.0,493.0,0.03659574468085106,0.018145161290322582
10574,64,33.25,6,0.0,199.5,0.024177949709864602,0.010080645161290322
10575,59,55.0,12,0.0,660.0,0.04100580270793037,0.02217741935483871
10575,63,43.9,6,0.0,263.4,0.03241779497098646,0.010080645161290322
10575,72,34.8,30,0.0,1044.0,0.025377176015473887,0.05846774193548387
10575,76,18.0,10,0.0,180.0,0.012379110251450677,0.018145161290322582
10576,1,18.0,10,0.0,180.0,0.012379110251450677,0.018145161290322582
10576,31,12.5,20,0.0,250.0,0.008123791102514507,0.038306451612903226
10576,44,19.45,21,0.0,408.45,0.013500967117988394,0.04032258064516129
10577,39,18.0,10,0.0,180.0,0.012379110251450677,0.018145161290322582
10577,75,7.75,20,0.0,155.0,0.004448742746615087,0.038306451612903226
10577,77,13.0,18,0.0,234.0,0.00851063829787234,0.034274193548387094
10578,35,18.0,20,0.0,360.0,0.012379110251450677,0.038306451612903226
10578,57,19.5,6,0.0,117.0,0.013539651837524178,0.010080645161290322
10579,15,15.5,10,0.0,155.0,0.010444874274661509,0.018145161290322582
10579,75,7.75,21,0.0,162.75,0.004448742746615087,0.04032258064516129
10580,14,23.25,15,0.05,331.3125,0.01644100580270793,0.028225806451612902
10580,41,9.65,9,0.05,82.50750000000001,0.005918762088974855,0.016129032258064516
10580,65,21.05,30,0.05,599.925,0.014738878143133462,0.05846774193548387
10581,75,7.75,50,0.2,310.0,0.004448742746615087,0.09879032258064516
10582,57,19.5,4,0.0,78.0,0.013539651837524178,0.006048387096774193
10582,76,18.0,14,0.0,252.0,0.012379110251450677,0.02620967741935484
10583,29,123.79,10,0.0,1237.9,0.09422823984526113,0.018145161290322582
10583,60,34.0,24,0.15,693.6,0.024758220502901353,0.046370967741935484
10583,69,36.0,10,0.15,306.0,0.02630560928433269,0.018145161290322582
10584,31,12.5,50,0.05,593.75,0.008123791102514507,0.09879032258064516
10585,47,9.5,15,0.0,142.5,0.005802707930367505,0.028225806451612902
10586,52,7.0,4,0.15,23.8,0.0038684719535783366,0.006048387096774193
10587,26,31.23,6,0.0,187.38,0.022615087040618955,0.010080645161290322
10587,35,18.0,20,0.0,360.0,0.012379110251450677,0.038306451612903226
10587,77,13.0,20,0.0,260.0,0.00851063829787234,0.038306451612903226
10588,18,62.5,40,0.2,2000.0,0.04680851063829787,0.07862903225806452
10588,42,14.0,100,0.2,1120.0,0.009284332688588007,0.19959677419354838
10589,35,18.0,4,0.0,72.0,0.012379110251450677,0.006048387096774193
10590,1,18.0,20,0.0,360.0,0.012379110251450677,0.038306451612903226
10590,77,13.0,60,0.05,741.0,0.00851063829787234,0.11895161290322581
10591,3,10.0,14,0.0,140.0,0.006189555125725338,0.02620967741935484
10591,7,30.0,10,0.0,300.0,0.021663442940038684,0.018145161290322582
10591,54,7.45,50,0.0,372.5,0.004216634429400387,0.09879032258064516
10592,15,15.5,25,0.05,368.125,0.010444874274661509,0.04838709677419355
10592,26,31.23,5,0.05,148.3425,0.022615087040618955,0.008064516129032258
10593,20,81.0,21,0.2,1360.8000000000002,0.06112185686653772,0.04032258064516129
10593,69,36.0,20,0.2,576.0,0.02630560928433269,0.038306451612903226
10593,76,18.0,4,0.2,57.6,0.012379110251450677,0.006048387096774193
10594,52,7.0,24,0.0,168.0,0.0038684719535783366,0.046370967741935484
10594,58,13.25,30,0.0,397.5,0.008704061895551257,0.05846774193548387
10595,35,18.0,30,0.25,405.0,0.012379110251450677,0.05846774193548387
10595,61,28.5,120,0.25,2565.0,0.020502901353965184,0.2399193548387097
10595,69,36.0,20,0.25,540.0,0.02630560928433269,0.038306451612903226
10596,56,38.0,5,0.2,152.0,0.027852998065764023,0.008064516129032258
10596,63,43.9,24,0.2,842.88,0.03241779497098646,0.046370967741935484
10596,75,7.75,30,0.2,186.0,0.004448742746615087,0.05846774193548387
10597,24,4.5,35,0.2,126.0,0.0019342359767891683,0.06854838709677419
10597,57,19.5,20,0.0,390.0,0.013539651837524178,0.038306451612903226
10597,65,21.05,12,0.2,202.08000000000004,0.014738878143133462,0.02217741935483871
10598,27,43.9,50,0.0,2195.0,0.03241779497098646,0.09879032258064516
10598,71,21.5,9,0.0,193.5,0.015087040618955513,0.016129032258064516
10599,62,49.3,10,0.0,493.0,0.03659574468085106,0.018145161290322582
10600,54,7.45,4,0.0,29.8,0.004216634429400387,0.006048387096774193
10600,73,15.0,30,0.0,450.0,0.010058027079303675,0.05846774193548387
10601,13,6.0,60,0.0,360.0,0.003094777562862669,0.11895161290322581
10601,59,55.0,35,0.0,1925.0,0.04100580270793037,0.06854838709677419
10602,77,13.0,5,0.25,48.75,0.00851063829787234,0.008064516129032258
10603,22,21.0,48,0.0,1008.0,0.014700193423597678,0.09475806451612903
10603,49,20.0,25,0.05,475.0,0.013926499032882012,0.04838709677419355
10604,48,12.75,6,0.1,68.85000000000001,0.008317214700193424,0.010080645161290322
10604,76,18.0,10,0.1,162.0,0.012379110251450677,0.018145161290322582
10605,16,17.45,30,0.05,497.325,0.01195357833655706,0.05846774193548387
10605,59,55.0,20,0.05,1045.0,0.04100580270793037,0.038306451612903226
10605,60,34.0,70,0.05,2261.0,0.024758220502901353,0.13911290322580644
10605,71,21.5,20,0.05,408.5,0.015087040618955513,0.038306451612903226
10606,4,22.0,20,0.2,352.0,0.015473887814313346,0.038306451612903226
10606,55,24.0,20,0.2,384.0,0.01702127659574468,0.038306451612903226
10606,62,49.3,10,0.2,394.40000000000003,0.03659574468085106,0.018145161290322582
10607,7,30.0,45,0.0,1350.0,0.021663442940038684,0.08870967741935484
10607,17,39.0,100,0.0,3900.0,0.02862669245647969,0.19959677419354838
10607,33,2.5,14,0.0,35.0,0.00038684719535783365,0.02620967741935484
10607,40,18.4,42,0.0,772.8,0.012688588007736944,0.08266129032258064
10607,72,34.8,12,0.0,417.59999999999997,0.025377176015473887,0.02217741935483871
10608,56,38.0,28,0.0,1064.0,0.027852998065764023,0.05443548387096774
10609,1,18.0,3,0.0,54.0,0.012379110251450677,0.004032258064516129
10609,10,31.0,10,0.0,310.0,0.02243713733075435,0.018145161290322582
10609,21,10.0,6,0.0,60.0,0.006189555125725338,0.010080645161290322
10610,36,19.0,21,0.25,299.25,0.013152804642166345,0.04032258064516129
10611,1,18.0,6,0.0,108.0,0.012379110251450677,0.010080645161290322
10611,2,19.0,10,0.0,190.0,0.013152804642166345,0.018145161290322582
10611,60,34.0,15,0.0,510.0,0.024758220502901353,0.028225806451612902
10612,10,31.0,70,0.0,2170.0,0.02243713733075435,0.13911290322580644
10612,36,19.0,55,0.0,1045.0,0.013152804642166345,0.10887096774193548
10612,49,20.0,18,0.0,360.0,0.013926499032882012,0.034274193548387094
10612,60,34.0,40,0.0,1360.0,0.024758220502901353,0.07862903225806452
10612,76,18.0,80,0.0,1440.0,0.012379110251450677,0.1592741935483871
10613,13,6.0,8,0.1,43.2,0.003094777562862669,0.014112903225806451
10613,75,7.75,40,0.0,310.0,0.004448742746615087,0.07862903225806452
10614,11,21.0,14,0.0,294.0,0.014700193423597678,0.02620967741935484
10614,21,10.0,8,0.0,80.0,0.006189555125725338,0.014112903225806451
10614,39,18.0,5,0.0,90.0,0.012379110251450677,0.008064516129032258
10615,55,24.0,5,0.0,120.0,0.01702127659574468,0.008064516129032258
10616,38,263.5,15,0.05,3754.875,0.202321083172147,0.028225806451612902
10616,56,38.0,14,0.0,532.0,0.027852998065764023,0.02620967741935484
10616,70,15.0,15,0.05,213.75,0.010058027079303675,0.028225806451612902
10616,71,21.5,15,0.05,306.375,0.015087040618955513,0.028225806451612902
10617,59,55.0,30,0.15,1402.5,0.04100580270793037,0.05846774193548387
10618,6,25.0,70,0.0,1750.0,0.017794970986460348,0.13911290322580644
10618,56,38.0,20,0.0,760.0,0.027852998065764023,0.038306451612903226
10618,68,12.5,15,0.0,187.5,0.008123791102514507,0.028225806451612902
10619,21,10.0,42,0.0,420.0,0.006189555125725338,0.08266129032258064
10619,22,21.0,40,0.0,840.0,0.014700193423597678,0.07862903225806452
10620,24,4.5,5,0.0,22.5,0.0019342359767891683,0.008064516129032258
10620,52,7.0,5,0.0,35.0,0.0038684719535783366,0.008064516129032258
10621,19,9.2,5,0.0,46.0,0.0055705996131528044,0.008064516129032258
10621,23,9.0,10,0.0,90.0,0.005415860735009671,0.018145161290322582
10621,70,15.0,20,0.0,300.0,0.010058027079303675,0.038306451612903226
10621,71,21.5,15,0.0,322.5,0.015087040618955513,0.028225806451612902
10622,2,19.0,20,0.0,380.0,0.013152804642166345,0.038306451612903226
10622,68,12.5,18,0.0,225.0,0.008123791102514507,0.034274193548387094
10623,14,23.25,21,0.0,488.25,0.01644100580270793,0.04032258064516129
10623,19,9.2,15,0.1,124.2,0.0055705996131528044,0.028225806451612902
10623,21,10.0,25,0.1,225.0,0.006189555125725338,0.04838709677419355
10623,24,4.5,3,0.0,13.5,0.0019342359767891683,0.004032258064516129
10623,35,18.0,30,0.1,486.0,0.012379110251450677,0.05846774193548387
10624,28,45.6,10,0.0,456.0,0.0337330754352031,0.018145161290322582
10624,29,123.79,6,0.0,742.74,0.09422823984526113,0.010080645161290322
10624,44,19.45,10,0.0,194.5,0.013500967117988394,0.018145161290322582
10625,14,23.25,3,0.0,69.75,0.01644100580270793,0.004032258064516129
10625,42,14.0,5,0.0,70.0,0.009284332688588007,0.008064516129032258
10625,60,34.0,10,0.0,340.0,0.024758220502901353,0.018145161290322582
10626,53,32.8,12,0.0,393.59999999999997,0.02382978723404255,0.02217741935483871
10626,60,34.0,20,0.0,680.0,0.024758220502901353,0.038306451612903226
10626,71,21.5,20,0.0,430.0,0.015087040618955513,0.038306451612903226
10627,62,49.3,15,0.0,739.5,0.03659574468085106,0.028225806451612902
10627,73,15.0,35,0.15,446.25,0.010058027079303675,0.06854838709677419
10628,1,18.0,25,0.0,450.0,0.012379110251450677,0.04838709677419355
10629,29,123.79,20,0.0,2475.8,0.09422823984526113,0.038306451612903226
10629,64,33.25,9,0.0,299.25,0.024177949709864602,0.016129032258064516
10630,55,24.0,12,0.05,273.59999999999997,0.01702127659574468,0.02217741935483871
10630,76,18.0,35,0.0,630.0,0.012379110251450677,0.06854838709677419
10631,75,7.75,8,0.1,55.800000000000004,0.004448742746615087,0.014112903225806451
10632,2,19.0,30,0.05,541.5,0.013152804642166345,0.05846774193548387
10632,33,2.5,20,0.05,47.5,0.00038684719535783365,0.038306451612903226
10633,12,38.0,36,0.15,1162.8,0.027852998065764023,0.07056451612903226
10633,13,6.0,13,0.15,66.3,0.003094777562862669,0.024193548387096774
10633,26,31.23,35,0.15,929.0925,0.022615087040618955,0.06854838709677419
10633,62,49.3,80,0.15,3352.4,0.03659574468085106,0.1592741935483871
10634,7,30.0,35,0.0,1050.0,0.021663442940038684,0.06854838709677419
10634,18,62.5,50,0.0,3125.0,0.04680851063829787,0.09879032258064516
10634,51,53.0,15,0.0,795.0,0.039458413926499035,0.028225806451612902
10634,75,7.75,2,0.0,15.5,0.004448742746615087,0.0020161290322580645
10635,4,22.0,10,0.1,198.0,0.015473887814313346,0.018145161290322582
10635,5,21.35,15,0.1,288.225,0.014970986460348163,0.028225806451612902
10635,22,21.0,40,0.0,840.0,0.014700193423597678,0.07862903225806452
10636,4,22.0,25,0.0,550.0,0.015473887814313346,0.04838709677419355
10636,58,13.25,6,0.0,79.5,0.008704061895551257,0.010080645161290322
10637,11,21.0,10,0.0,210.0,0.014700193423597678,0.018145161290322582
10637,50,16.25,25,0.05,385.9375,0.011025145067698259,0.04838709677419355
10637,56,38.0,60,0.05,2166.0,0.027852998065764023,0.11895161290322581
10638,45,9.5,20,0.0,190.0,0.005802707930367505,0.038306451612903226
10638,65,21.05,21,0.0,442.05,0.014738878143133462,0.04032258064516129
10638,72,34.8,60,0.0,2088.0,0.025377176015473887,0.11895161290322581
10639,18,62.5,8,0.0,500.0,0.04680851063829787,0.014112903225806451
10640,69,36.0,20,0.25,540.0,0.02630560928433269,0.038306451612903226
10640,70,15.0,15,0.25,168.75,0.010058027079303675,0.028225806451612902
10641,2,19.0,50,0.0,950.0,0.013152804642166345,0.09879032258064516
10641,40,18.4,60,0.0,1104.0,0.012688588007736944,0.11895161290322581
10642,21,10.0,30,0.2,240.0,0.006189555125725338,0.05846774193548387
10642,61,28.5,20,0.2,456.0,0.020502901353965184,0.038306451612903226
10643,28,45.6,15,0.25,513.0,0.0337330754352031,0.028225806451612902
10643,39,18.0,21,0.25,283.5,0.012379110251450677,0.04032258064516129
10643,46,12.0,2,0.25,18.0,0.007736943907156673,0.0020161290322580645
10644,18,62.5,4,0.1,225.0,0.04680851063829787,0.006048387096774193
10644,43,46.0,20,0.0,920.0,0.03404255319148936,0.038306451612903226
10644,46,12.0,21,0.1,226.8,0.007736943907156673,0.04032258064516129
10645,18,62.5,20,0.0,1250.0,0.04680851063829787,0.038306451612903226
10645,36,19.0,15,0.0,285.0,0.013152804642166345,0.028225806451612902
10646,1,18.0,15,0.25,202.5,0.012379110251450677,0.028225806451612902
10646,10,31.0,18,0.25,418.5,0.02243713733075435,0.034274193548387094
10646,71,21.5,30,0.25,483.75,0.015087040618955513,0.05846774193548387
10646,77,13.0,35,0.25,341.25,0.00851063829787234,0.06854838709677419
10647,19,9.2,30,0.0,276.0,0.0055705996131528044,0.05846774193548387
10648,22,21.0,15,0.0,315.0,0.014700193423597678,0.028225806451612902
10648,24,4.5,15,0.15,57.375,0.0019342359767891683,0.028225806451612902
10649,28,45.6,20,0.0,912.0,0.0337330754352031,0.038306451612903226
10649,72,34.8,15,0.0,522.0,0.025377176015473887,0.028225806451612902
10650,30,25.89,30,0.0,776.7,0.01848355899419729,0.05846774193548387
10650,53,32.8,25,0.05,778.9999999999999,0.02382978723404255,0.04838709677419355
10650,54,7.45,30,0.0,223.5,0.004216634429400387,0.05846774193548387
10651,19,9.2,12,0.25,82.8,0.0055705996131528044,0.02217741935483871
10651,22,21.0,20,0.25,315.0,0.014700193423597678,0.038306451612903226
10652,30,25.89,2,0.25,38.835,0.01848355899419729,0.0020161290322580645
10652,42,14.0,20,0.0,280.0,0.009284332688588007,0.038306451612903226
10653,16,17.45,30,0.1,471.15000000000003,0.01195357833655706,0.05846774193548387
10653,60,34.0,20,0.1,612.0,0.024758220502901353,0.038306451612903226
10654,4,22.0,12,0.1,237.6,0.015473887814313346,0.02217741935483871
10654,39,18.0,20,0.1,324.0,0.012379110251450677,0.038306451612903226
10654,54,7.45,6,0.1,40.230000000000004,0.004216634429400387,0.010080645161290322
10655,41,9.65,20,0.2,154.4,0.005918762088974855,0.038306451612903226
10656,14,23.25,3,0.1,62.775,0.01644100580270793,0.004032258064516129
10656,44,19.45,28,0.1,490.14000000000004,0.013500967117988394,0.05443548387096774
10656,47,9.5,6,0.1,51.300000000000004,0.005802707930367505,0.010080645161290322
10657,15,15.5,50,0.0,775.0,0.010444874274661509,0.09879032258064516
10657,41,9.65,24,0.0,231.60000000000002,0.005918762088974855,0.046370967741935484
10657,46,12.0,45,0.0,540.0,0.007736943907156673,0.08870967741935484
10657,47,9.5,10,0.0,95.0,0.005802707930367505,0.018145161290322582
10657,56,38.0,45,0.0,1710.0,0.027852998065764023,0.08870967741935484
10657,60,34.0,30,0.0,1020.0,0.024758220502901353,0.05846774193548387
10658,21,10.0,60,0.0,600.0,0.006189555125725338,0.11895161290322581
10658,40,18.4,70,0.05,1223.6,0.012688588007736944,0.13911290322580644
10658,60,34.0,55,0.05,1776.5,0.024758220502901353,0.10887096774193548
10658,77,13.0,70,0.05,864.5,0.00851063829787234,0.13911290322580644
10659,31,12.5,20,0.05,237.5,0.008123791102514507,0.038306451612903226
10659,40,18.4,24,0.05,419.5199999999999,0.012688588007736944,0.046370967741935484
10659,70,15.0,40,0.05,570.0,0.010058027079303675,0.07862903225806452
10660,20,81.0,21,0.0,1701.0,0.06112185686653772,0.04032258064516129
10661,39,18.0,3,0.2,43.2,0.012379110251450677,0.004032258064516129
10661,58,13.25,49,0.2,519.4,0.008704061895551257,0.0967741935483871
10662,68,12.5,10,0.0,125.0,0.008123791102514507,0.018145161290322582
10663,40,18.4,30,0.05,524.4,0.012688588007736944,0.05846774193548387
10663,42,14.0,30,0.05,399.0,0.009284332688588007,0.05846774193548387
10663,51,53.0,20,0.05,1007.0,0.039458413926499035,0.038306451612903226
10664,10,31.0,24,0.15,632.4,0.02243713733075435,0.046370967741935484
10664,56,38.0,12,0.15,387.59999999999997,0.027852998065764023,0.02217741935483871
10664,65,21.05,15,0.15,268.3875,0.014738878143133462,0.028225806451612902
10665,51,53.0,20,0.0,1060.0,0.039458413926499035,0.038306451612903226
10665,59,55.0,1,0.0,55.0,0.04100580270793037,0.0
10665,76,18.0,10,0.0,180.0,0.012379110251450677,0.018145161290322582
10666,29,123.79,36,0.0,4456.4400000000005,0.09422823984526113,0.07056451612903226
10666,65,21.05,10,0.0,210.5,0.014738878143133462,0.018145161290322582
10667,69,36.0,45,0.2,1296.0,0.02630560928433269,0.08870967741935484
10667,71,21.5,14,0.2,240.8,0.015087040618955513,0.02620967741935484
10668,31,12.5,8,0.1,90.0,0.008123791102514507,0.014112903225806451
10668,55,24.0,4,0.1,86.4,0.01702127659574468,0.006048387096774193
10668,64,33.25,15,0.1,448.875,0.024177949709864602,0.028225806451612902
10669,36,19.0,30,0.0,570.0,0.013152804642166345,0.05846774193548387
10670,23,9.0,32,0.0,288.0,0.005415860735009671,0.0625
10670,46,12.0,60,0.0,720.0,0.007736943907156673,0.11895161290322581
10670,67,14.0,25,0.0,350.0,0.009284332688588007,0.04838709677419355
10670,73,15.0,50,0.0,750.0,0.010058027079303675,0.09879032258064516
10670,75,7.75,25,0.0,193.75,0.004448742746615087,0.04838709677419355
10671,16,17.45,10,0.0,174.5,0.01195357833655706,0.018145161290322582
10671,62,49.3,10,0.0,493.0,0.03659574468085106,0.018145161290322582
10671,65,21.05,12,0.0,252.60000000000002,0.014738878143133462,0.02217741935483871
10672,38,263.5,15,0.1,3557.25,0.202321083172147,0.028225806451612902
10672,71,21.5,12,0.0,258.0,0.015087040618955513,0.02217741935483871
10673,16,17.45,3,0.0,52.349999999999994,0.01195357833655706,0.004032258064516129
10673,42,14.0,6,0.0,84.0,0.009284332688588007,0.010080645161290322
10673,43,46.0,6,0.0,276.0,0.03404255319148936,0.010080645161290322
10674,23,9.0,5,0.0,45.0,0.005415860735009671,0.008064516129032258
10675,14,23.25,30,0.0,697.5,0.01644100580270793,0.05846774193548387
10675,53,32.8,10,0.0,328.0,0.02382978723404255,0.018145161290322582
10675,58,13.25,30,0.0,397.5,0.008704061895551257,0.05846774193548387
10676,10,31.0,2,0.0,62.0,0.02243713733075435,0.0020161290322580645
10676,19,9.2,7,0.0,64.39999999999999,0.0055705996131528044,0.012096774193548387
10676,44,19.45,21,0.0,408.45,0.013500967117988394,0.04032258064516129
10677,26,31.23,30,0.15,796.365,0.022615087040618955,0.05846774193548387
10677,33,2.5,8,0.15,17.0,0.00038684719535783365,0.014112903225806451
10678,12,38.0,100,0.0,3800.0,0.027852998065764023,0.19959677419354838
10678,33,2.5,30,0.0,75.0,0.00038684719535783365,0.05846774193548387
10678,41,9.65,120,0.0,1158.0,0.005918762088974855,0.2399193548387097
10678,54,7.45,30,0.0,223.5,0.004216634429400387,0.05846774193548387
10679,59,55.0,12,0.0,660.0,0.04100580270793037,0.02217741935483871
10680,16,17.45,50,0.25,654.375,0.01195357833655706,0.09879032258064516
10680,31,12.5,20,0.25,187.5,0.008123791102514507,0.038306451612903226
10680,42,14.0,40,0.25,420.0,0.009284332688588007,0.07862903225806452
10681,19,9.2,30,0.1,248.4,0.0055705996131528044,0.05846774193548387
10681,21,10.0,12,0.1,108.0,0.006189555125725338,0.02217741935483871
10681,64,33.25,28,0.0,931.0,0.024177949709864602,0.05443548387096774
10682,33,2.5,30,0.0,75.0,0.00038684719535783365,0.05846774193548387
10682,66,17.0,4,0.0,68.0,0.01160541586073501,0.006048387096774193
10682,75,7.75,30,0.0,232.5,0.004448742746615087,0.05846774193548387
10683,52,7.0,9,0.0,63.0,0.0038684719535783366,0.016129032258064516
10684,40,18.4,20,0.0,368.0,0.012688588007736944,0.038306451612903226
10684,47,9.5,40,0.0,380.0,0.005802707930367505,0.07862903225806452
10684,60,34.0,30,0.0,1020.0,0.024758220502901353,0.05846774193548387
10685,10,31.0,20,0.0,620.0,0.02243713733075435,0.038306451612903226
10685,41,9.65,4,0.0,38.6,0.005918762088974855,0.006048387096774193
10685,47,9.5,15,0.0,142.5,0.005802707930367505,0.028225806451612902
10686,17,39.0,30,1.5,-585.0,0.02862669245647969,0.05846774193548387
10686,26,31.23,15,0.0,468.45,0.022615087040618955,0.028225806451612902
10687,9,97.0,50,0.25,3637.5,0.0735009671179884,0.09879032258064516
10687,29,123.79,10,0.0,1237.9,0.09422823984526113,0.018145161290322582
10687,36,19.0,6,0.25,85.5,0.013152804642166345,0.010080645161290322
10688,10,31.0,18,0.1,502.2,0.02243713733075435,0.034274193548387094
10688,28,45.6,60,0.1,2462.4,0.0337330754352031,0.11895161290322581
10688,34,14.0,14,0.0,196.0,0.009284332688588007,0.02620967741935484
10689,1,18.0,35,0.25,472.5,0.012379110251450677,0.06854838709677419
10690,56,38.0,20,0.25,570.0,0.027852998065764023,0.038306451612903226
10690,77,13.0,30,-0.1,429.00000000000006,0.00851063829787234,0.05846774193548387
10691,1,18.0,30,0.0,540.0,0.012379110251450677,0.05846774193548387
10691,29,123.79,40,0.0,4951.6,0.09422823984526113,0.07862903225806452
10691,43,46.0,40,0.0,1840.0,0.03404255319148936,0.07862903225806452
10691,44,19.45,24,0.0,466.79999999999995,0.013500967117988394,0.046370967741935484
10691,62,49.3,48,0.0,2366.3999999999996,0.03659574468085106,0.09475806451612903
10692,63,43.9,20,0.0,878.0,0.03241779497098646,0.038306451612903226
10693,9,97.0,6,0.0,582.0,0.0735009671179884,0.010080645161290322
10693,54,7.45,60,0.15,379.95,0.004216634429400387,0.11895161290322581
10693,69,36.0,30,0.15,918.0,0.02630560928433269,0.05846774193548387
10693,73,15.0,15,0.15,191.25,0.010058027079303675,0.028225806451612902
10694,7,30.0,90,0.0,2700.0,0.021663442940038684,0.17943548387096775
10694,59,55.0,25,0.0,1375.0,0.04100580270793037,0.04838709677419355
10694,70,15.0,50,0.0,750.0,0.010058027079303675,0.09879032258064516
10695,8,40.0,10,0.0,400.0,0.029400386847195356,0.018145161290322582
10695,12,38.0,4,0.0,152.0,0.027852998065764023,0.006048387096774193
10695,24,4.5,20,0.0,90.0,0.0019342359767891683,0.038306451612903226
10696,17,39.0,20,0.0,780.0,0.02862669245647969,0.038306451612903226
10696,46,12.0,18,0.0,216.0,0.007736943907156673,0.034274193548387094
10697,35,18.0,9,0.25,121.5,0.012379110251450677,0.016129032258064516
10697,58,13.25,30,0.25,298.125,0.008704061895551257,0.05846774193548387
10697,70,15.0,299,0.25,3363.75,0.010058027079303675,0.6008064516129032
10698,11,21.0,15,0.0,315.0,0.014700193423597678,0.028225806451612902
10698,17,39.0,8,0.05,296.4,0.02862669245647969,0.014112903225806451
10698,29,123.79,12,0.05,1411.206,0.09422823984526113,0.02217741935483871
10698,65,21.05,65,0.05,1299.8374999999999,0.014738878143133462,0.12903225806451613
10698,70,15.0,8,0.05,114.0,0.010058027079303675,0.014112903225806451
10699,47,9.5,12,0.0,114.0,0.005802707930367505,0.02217741935483871
10700,34,14.0,12,0.2,134.4,0.009284332688588007,0.02217741935483871
10700,68,12.5,40,0.2,400.0,0.008123791102514507,0.07862903225806452
10700,71,21.5,60,0.2,1032.0,0.015087040618955513,0.11895161290322581
10701,59,55.0,42,0.15,1963.5,0.04100580270793037,0.08266129032258064
10701,71,21.5,20,0.15,365.5,0.015087040618955513,0.038306451612903226
10701,76,18.0,35,0.15,535.5,0.012379110251450677,0.06854838709677419
10702,3,10.0,6,0.0,60.0,0.006189555125725338,0.010080645161290322
10702,76,18.0,15,0.0,270.0,0.012379110251450677,0.028225806451612902
10703,2,19.0,5,0.0,95.0,0.013152804642166345,0.008064516129032258
10703,59,55.0,35,0.0,1925.0,0.04100580270793037,0.06854838709677419
10703,73,15.0,35,0.0,525.0,0.010058027079303675,0.06854838709677419
10704,4,22.0,6,0.0,132.0,0.015473887814313346,0.010080645161290322
10704,24,4.5,35,0.0,157.5,0.0019342359767891683,0.06854838709677419
10704,48,12.75,20,0.0,255.0,0.008317214700193424,0.038306451612903226
10705,31,12.5,20,0.0,250.0,0.008123791102514507,0.038306451612903226
10705,32,32.0,4,0.0,128.0,0.02321083172147002,0.006048387096774193
10706,16,17.45,20,0.0,349.0,0.01195357833655706,0.038306451612903226
10706,43,46.0,24,0.0,1104.0,0.03404255319148936,0.046370967741935484
10706,59,55.0,8,0.0,440.0,0.04100580270793037,0.014112903225806451
10707,55,24.0,21,0.0,504.0,0.01702127659574468,0.04032258064516129
10707,57,19.5,40,0.0,780.0,0.013539651837524178,0.07862903225806452
10707,70,15.0,28,0.15,357.0,0.010058027079303675,0.05443548387096774
10708,5,21.35,4,0.0,85.4,0.014970986460348163,0.006048387096774193
10708,36,19.0,5,0.0,95.0,0.013152804642166345,0.008064516129032258
10709,8,40.0,40,0.0,1600.0,0.029400386847195356,0.07862903225806452
10709,51,53.0,28,0.0,1484.0,0.039458413926499035,0.05443548387096774
10709,60,34.0,10,0.0,340.0,0.024758220502901353,0.018145161290322582
10710,19,9.2,5,0.0,46.0,0.0055705996131528044,0.008064516129032258
10710,47,9.5,5,0.0,47.5,0.005802707930367505,0.008064516129032258
10711,19,9.2,12,0.0,110.39999999999999,0.0055705996131528044,0.02217741935483871
10711,41,9.65,42,0.0,405.3,0.005918762088974855,0.08266129032258064
10711,53,352.0,120,0.0,42240.0,0.27079303675048355,0.2399193548387097
10712,53,32.8,3,0.05,93.47999999999999,0.02382978723404255,0.004032258064516129
10712,56,38.0,30,0.0,1140.0,0.027852998065764023,0.05846774193548387
10713,10,31.0,18,0.0,558.0,0.02243713733075435,0.034274193548387094
10713,26,31.23,30,0.0,936.9,0.022615087040618955,0.05846774193548387
10713,45,9.5,110,0.0,1045.0,0.005802707930367505,0.21975806451612903
10713,46,12.0,24,0.0,288.0,0.007736943907156673,0.046370967741935484
10714,2,19.0,30,0.25,427.5,0.013152804642166345,0.05846774193548387
10714,17,39.0,27,0.25,789.75,0.02862669245647969,0.05241935483870968
10714,47,9.5,50,0.25,356.25,0.005802707930367505,0.09879032258064516
10714,56,38.0,18,0.25,513.0,0.027852998065764023,0.034274193548387094
10714,58,13.25,12,0.25,119.25,0.008704061895551257,0.02217741935483871
10715,10,31.0,21,0.0,651.0,0.02243713733075435,0.04032258064516129
10715,71,21.5,30,0.0,645.0,0.015087040618955513,0.05846774193548387
10716,21,10.0,5,0.0,50.0,0.006189555125725338,0.008064516129032258
10716,51,53.0,7,0.0,371.0,0.039458413926499035,0.012096774193548387
10716,61,28.5,10,0.0,285.0,0.020502901353965184,0.018145161290322582
10717,21,10.0,32,0.05,304.0,0.006189555125725338,0.0625
10717,54,7.45,15,0.0,111.75,0.004216634429400387,0.028225806451612902
10717,69,36.0,25,0.05,855.0,0.02630560928433269,0.04838709677419355
10718,12,38.0,36,0.0,1368.0,0.027852998065764023,0.07056451612903226
10718,16,17.45,20,0.0,349.0,0.01195357833655706,0.038306451612903226
10718,36,19.0,40,0.0,760.0,0.013152804642166345,0.07862903225806452
10718,62,49.3,20,0.0,986.0,0.03659574468085106,0.038306451612903226
10719,18,62.5,12,0.25,562.5,0.04680851063829787,0.02217741935483871
10719,30,25.89,3,0.25,58.2525,0.01848355899419729,0.004032258064516129
10719,54,7.45,40,0.25,223.5,0.004216634429400387,0.07862903225806452
10720,35,18.0,21,0.0,378.0,0.012379110251450677,0.04032258064516129
10720,71,21.5,8,0.0,172.0,0.015087040618955513,0.014112903225806451
10721,44,19.45,50,0.05,923.875,0.013500967117988394,0.09879032258064516
10722,2,19.0,3,0.0,57.0,0.013152804642166345,0.004032258064516129
10722,31,12.5,50,0.0,625.0,0.008123791102514507,0.09879032258064516
10722,68,12.5,45,0.0,562.5,0.008123791102514507,0.08870967741935484
10722,75,7.75,42,0.0,325.5,0.004448742746615087,0.08266129032258064
10723,26,31.23,15,0.0,468.45,0.022615087040618955,0.028225806451612902
10724,10,31.0,16,0.0,496.0,0.02243713733075435,0.03024193548387097
10724,61,28.5,5,0.0,142.5,0.020502901353965184,0.008064516129032258
10725,41,9.65,12,0.0,115.80000000000001,0.005918762088974855,0.02217741935483871
10725,52,7.0,4,0.0,28.0,0.0038684719535783366,0.006048387096774193
10725,55,24.0,6,0.0,144.0,0.01702127659574468,0.010080645161290322
10726,4,22.0,25,0.0,550.0,0.015473887814313346,0.04838709677419355
10726,11,21.0,5,0.0,105.0,0.014700193423597678,0.008064516129032258
10727,17,39.0,20,0.05,741.0,0.02862669245647969,0.038306451612903226
10727,56,38.0,10,0.05,361.0,0.027852998065764023,0.018145161290322582
10727,59,55.0,10,0.05,522.5,0.04100580270793037,0.018145161290322582
10728,30,1294.5,15,0.0,19417.5,1.0,0.028225806451612902
10728,40,18.4,6,0.0,110.39999999999999,0.012688588007736944,0.010080645161290322
10728,55,24.0,12,0.0,288.0,0.01702127659574468,0.02217741935483871
10728,60,34.0,15,0.0,510.0,0.024758220502901353,0.028225806451612902
10729,1,18.0,50,0.0,900.0,0.012379110251450677,0.09879032258064516
10729,21,10.0,30,0.0,300.0,0.006189555125725338,0.05846774193548387
10729,50,16.25,40,0.0,650.0,0.011025145067698259,0.07862903225806452
10730,16,17.45,15,0.05,248.6625,0.01195357833655706,0.028225806451612902
10730,31,12.5,3,0.05,35.625,0.008123791102514507,0.004032258064516129
10730,65,21.05,10,0.05,199.975,0.014738878143133462,0.018145161290322582
10731,21,10.0,40,0.05,380.0,0.006189555125725338,0.07862903225806452
10731,51,53.0,30,0.05,1510.5,0.039458413926499035,0.05846774193548387
10732,76,18.0,20,0.0,360.0,0.012379110251450677,0.038306451612903226
10733,14,23.25,16,0.0,372.0,0.01644100580270793,0.03024193548387097
10733,28,45.6,20,0.0,912.0,0.0337330754352031,0.038306451612903226
10733,52,7.0,25,0.0,175.0,0.0038684719535783366,0.04838709677419355
10734,6,25.0,30,0.0,750.0,0.017794970986460348,0.05846774193548387
10734,30,25.89,15,0.0,388.35,0.01848355899419729,0.028225806451612902
10734,76,18.0,20,0.0,360.0,0.012379110251450677,0.038306451612903226
10735,61,28.5,20,0.1,513.0,0.020502901353965184,0.038306451612903226
10735,77,13.0,2,0.1,23.400000000000002,0.00851063829787234,0.0020161290322580645
10736,65,21.05,40,0.0,842.0,0.014738878143133462,0.07862903225806452
10736,75,7.75,20,0.0,155.0,0.004448742746615087,0.038306451612903226
10737,13,6.0,4,0.0,24.0,0.003094777562862669,0.006048387096774193
10737,41,9.65,12,0.0,115.80000000000001,0.005918762088974855,0.02217741935483871
10738,16,17.45,3,0.0,52.349999999999994,0.01195357833655706,0.004032258064516129
10739,36,19.0,6,0.0,114.0,0.013152804642166345,0.010080645161290322
10739,52,7.0,18,0.0,126.0,0.0038684719535783366,0.034274193548387094
10740,28,45.6,5,0.2,182.4,0.0337330754352031,0.008064516129032258
10740,35,18.0,20,0.2,288.0,0.012379110251450677,0.038306451612903226
10740,45,9.5,40,0.2,304.0,0.005802707930367505,0.07862903225806452
10740,56,38.0,14,0.2,425.6,0.027852998065764023,0.02620967741935484
10741,2,19.0,15,0.2,228.0,0.013152804642166345,0.028225806451612902
10742,3,10.0,20,0.0,200.0,0.006189555125725338,0.038306451612903226
10742,60,34.0,50,0.0,1700.0,0.024758220502901353,0.09879032258064516
10742,72,34.8,35,0.0,1218.0,0.025377176015473887,0.06854838709677419
10743,46,12.0,28,0.05,319.2,0.007736943907156673,0.05443548387096774
10744,40,18.4,50,0.2,736.0,0.012688588007736944,0.09879032258064516
10745,18,62.5,24,0.0,1500.0,0.04680851063829787,0.046370967741935484
10745,44,19.45,16,0.0,311.2,0.013500967117988394,0.03024193548387097
10745,59,55.0,45,0.0,2475.0,0.04100580270793037,0.08870967741935484
10745,72,34.8,7,0.0,243.59999999999997,0.025377176015473887,0.012096774193548387
10746,13,6.0,6,0.0,36.0,0.003094777562862669,0.010080645161290322
10746,42,14.0,28,0.0,392.0,0.009284332688588007,0.05443548387096774
10746,62,49.3,9,0.0,443.7,0.03659574468085106,0.016129032258064516
10746,69,36.0,40,0.0,1440.0,0.02630560928433269,0.07862903225806452
10747,31,12.5,8,0.0,100.0,0.008123791102514507,0.014112903225806451
10747,41,9.65,35,0.0,337.75,0.005918762088974855,0.06854838709677419
10747,63,43.9,9,0.0,395.09999999999997,0.03241779497098646,0.016129032258064516
10747,69,36.0,30,0.0,1080.0,0.02630560928433269,0.05846774193548387
10748,23,9.0,44,0.0,396.0,0.005415860735009671,0.08669354838709678
10748,40,18.4,40,0.0,736.0,0.012688588007736944,0.07862903225806452
10748,56,38.0,28,0.0,1064.0,0.027852998065764023,0.05443548387096774
10749,56,38.0,15,0.0,570.0,0.027852998065764023,0.028225806451612902
10749,59,55.0,6,0.0,330.0,0.04100580270793037,0.010080645161290322
10749,76,18.0,10,0.0,180.0,0.012379110251450677,0.018145161290322582
10750,14,23.25,5,0.15,98.8125,0.01644100580270793,0.008064516129032258
10750,45,9.5,40,0.15,323.0,0.005802707930367505,0.07862903225806452
10750,59,55.0,25,0.15,1168.75,0.04100580270793037,0.04838709677419355
10751,26,31.23,12,0.1,337.284,0.022615087040618955,0.02217741935483871
10751,30,25.89,30,0.0,776.7,0.01848355899419729,0.05846774193548387
10751,50,16.25,20,0.1,292.5,0.011025145067698259,0.038306451612903226
10751,73,15.0,15,0.0,225.0,0.010058027079303675,0.028225806451612902
10752,1,18.0,8,0.0,144.0,0.012379110251450677,0.014112903225806451
10752,69,36.0,3,0.0,108.0,0.02630560928433269,0.004032258064516129
10753,45,9.5,4,0.0,38.0,0.005802707930367505,0.006048387096774193
10753,74,10.0,5,0.0,50.0,0.006189555125725338,0.008064516129032258
10754,40,18.4,3,0.0,55.199999999999996,0.012688588007736944,0.004032258064516129
10755,47,9.5,30,0.25,213.75,0.005802707930367505,0.05846774193548387
10755,56,38.0,30,0.25,855.0,0.027852998065764023,0.05846774193548387
10755,57,19.5,14,0.25,204.75,0.013539651837524178,0.02620967741935484
10755,69,36.0,25,0.25,675.0,0.02630560928433269,0.04838709677419355
10756,18,62.5,21,0.2,1050.0,0.04680851063829787,0.04032258064516129
10756,36,19.0,20,0.2,304.0,0.013152804642166345,0.038306451612903226
10756,68,12.5,6,0.2,60.0,0.008123791102514507,0.010080645161290322
10756,69,36.0,20,0.2,576.0,0.02630560928433269,0.038306451612903226
10757,34,14.0,30,0.0,420.0,0.009284332688588007,0.05846774193548387
10757,59,55.0,7,0.0,385.0,0.04100580270793037,0.012096774193548387
10757,62,49.3,30,0.0,1479.0,0.03659574468085106,0.05846774193548387
10757,64,33.25,24,0.0,798.0,0.024177949709864602,0.046370967741935484
10758,26,31.23,20,0.0,624.6,0.022615087040618955,0.038306451612903226
10758,52,7.0,60,0.0,420.0,0.0038684719535783366,0.11895161290322581
10758,70,15.0,40,0.0,600.0,0.010058027079303675,0.07862903225806452
10759,32,32.0,10,0.0,320.0,0.02321083172147002,0.018145161290322582
10760,25,14.0,12,0.25,126.0,0.009284332688588007,0.02217741935483871
10760,27,43.9,40,0.0,1756.0,0.03241779497098646,0.07862903225806452
10760,43,46.0,30,0.25,1035.0,0.03404255319148936,0.05846774193548387
10761,25,14.0,35,0.25,367.5,0.009284332688588007,0.06854838709677419
10761,75,7.75,18,0.0,139.5,0.004448742746615087,0.034274193548387094
10762,39,18.0,16,0.0,288.0,0.012379110251450677,0.03024193548387097
10762,47,9.5,30,0.0,285.0,0.005802707930367505,0.05846774193548387
10762,51,53.0,28,0.0,1484.0,0.039458413926499035,0.05443548387096774
10762,56,38.0,60,0.0,2280.0,0.027852998065764023,0.11895161290322581
10763,21,10.0,40,0.0,400.0,0.006189555125725338,0.07862903225806452
10763,22,21.0,6,0.0,126.0,0.014700193423597678,0.010080645161290322
10763,24,4.5,20,0.0,90.0,0.0019342359767891683,0.038306451612903226
10764,3,10.0,20,0.1,180.0,0.006189555125725338,0.038306451612903226
10764,39,18.0,130,0.1,2106.0,0.012379110251450677,0.2600806451612903
10765,65,21.05,80,0.1,1515.6000000000001,0.014738878143133462,0.1592741935483871
10766,2,19.0,40,0.0,760.0,0.013152804642166345,0.07862903225806452
10766,7,30.0,35,0.0,1050.0,0.021663442940038684,0.06854838709677419
10766,68,12.5,40,0.0,500.0,0.008123791102514507,0.07862903225806452
10767,42,14.0,2,0.0,28.0,0.009284332688588007,0.0020161290322580645
10768,22,21.0,4,0.0,84.0,0.014700193423597678,0.006048387096774193
10768,31,12.5,50,0.0,625.0,0.008123791102514507,0.09879032258064516
10768,60,34.0,15,0.0,510.0,0.024758220502901353,0.028225806451612902
10768,71,21.5,12,0.0,258.0,0.015087040618955513,0.02217741935483871
10769,41,9.65,30,0.05,275.025,0.005918762088974855,0.05846774193548387
10769,52,18.4,15,0.05,262.2,0.012688588007736944,0.028225806451612902
10769,61,28.5,20,0.0,570.0,0.020502901353965184,0.038306451612903226
10769,62,49.3,15,0.0,739.5,0.03659574468085106,0.028225806451612902
10770,11,21.0,15,0.25,236.25,0.014700193423597678,0.028225806451612902
10771,71,21.5,16,0.0,344.0,0.015087040618955513,0.03024193548387097
10772,29,123.79,18,0.0,2228.2200000000003,0.09422823984526113,0.034274193548387094
10772,59,55.0,25,0.0,1375.0,0.04100580270793037,0.04838709677419355
10773,17,39.0,33,0.0,1287.0,0.02862669245647969,0.06451612903225806
10773,31,12.5,70,0.2,700.0,0.008123791102514507,0.13911290322580644
10773,75,7.75,7,0.2,43.400000000000006,0.004448742746615087,0.012096774193548387
10774,31,12.5,2,0.25,18.75,0.008123791102514507,0.0020161290322580645
10774,66,17.0,50,0.0,850.0,0.01160541586073501,0.09879032258064516
10775,10,31.0,6,0.0,186.0,0.02243713733075435,0.010080645161290322
10775,67,14.0,3,0.0,42.0,0.009284332688588007,0.004032258064516129
10776,31,12.5,16,0.05,190.0,0.008123791102514507,0.03024193548387097
10776,42,14.0,12,0.05,159.6,0.009284332688588007,0.02217741935483871
10776,45,9.5,27,0.05,243.67499999999998,0.005802707930367505,0.05241935483870968
10776,51,18.4,120,0.05,2097.6,0.012688588007736944,0.2399193548387097
10777,42,14.0,20,0.2,224.0,0.009284332688588007,0.038306451612903226
10778,41,9.65,10,0.0,96.5,0.005918762088974855,0.018145161290322582
10779,16,17.45,20,0.0,349.0,0.01195357833655706,0.038306451612903226
10779,62,49.3,20,0.0,986.0,0.03659574468085106,0.038306451612903226
10780,70,15.0,35,0.0,525.0,0.010058027079303675,0.06854838709677419
10780,77,13.0,15,0.0,195.0,0.00851063829787234,0.028225806451612902
10781,54,7.45,3,0.2,17.880000000000003,0.004216634429400387,0.004032258064516129
10781,56,38.0,20,0.2,608.0,0.027852998065764023,0.038306451612903226
10781,74,10.0,35,0.0,350.0,0.006189555125725338,0.06854838709677419
10782,31,12.5,1,0.0,12.5,0.008123791102514507,0.0
10783,31,12.5,10,0.0,125.0,0.008123791102514507,0.018145161290322582
10783,38,263.5,5,0.0,1317.5,0.202321083172147,0.008064516129032258
10784,36,19.0,30,0.0,570.0,0.013152804642166345,0.05846774193548387
10784,39,18.0,2,0.15,30.599999999999998,0.012379110251450677,0.0020161290322580645
10784,72,34.8,30,0.15,887.4,0.025377176015473887,0.05846774193548387
10785,10,31.0,10,0.0,310.0,0.02243713733075435,0.018145161290322582
10785,75,7.75,10,0.0,77.5,0.004448742746615087,0.018145161290322582
10786,8,40.0,30,0.2,960.0,0.029400386847195356,0.05846774193548387
10786,30,25.89,15,0.2,310.68000000000006,0.01848355899419729,0.028225806451612902
10786,75,7.75,42,0.2,260.40000000000003,0.004448742746615087,0.08266129032258064
10787,2,19.0,15,0.05,270.75,0.013152804642166345,0.028225806451612902
10787,29,123.79,20,0.05,2352.01,0.09422823984526113,0.038306451612903226
10788,19,9.2,338,0.05,2954.12,0.0055705996131528044,0.6794354838709677
10788,75,7.75,40,0.05,294.5,0.004448742746615087,0.07862903225806452
10789,18,62.5,30,0.0,1875.0,0.04680851063829787,0.05846774193548387
10789,35,18.0,15,0.0,270.0,0.012379110251450677,0.028225806451612902
10789,63,43.9,30,0.0,1317.0,0.03241779497098646,0.05846774193548387
10789,68,12.5,18,0.0,225.0,0.008123791102514507,0.034274193548387094
10790,7,30.0,3,0.15,76.5,0.021663442940038684,0.004032258064516129
10790,56,38.0,20,0.15,646.0,0.027852998065764023,0.038306451612903226
10791,29,123.79,14,0.05,1646.4070000000002,0.09422823984526113,0.02620967741935484
10791,41,9.65,20,0.05,183.35,0.005918762088974855,0.038306451612903226
10792,2,19.0,10,0.0,190.0,0.013152804642166345,0.018145161290322582
10792,54,7.45,3,0.0,22.35,0.004216634429400387,0.004032258064516129
10792,68,12.5,15,0.0,187.5,0.008123791102514507,0.028225806451612902
10793,41,9.65,14,0.0,135.1,0.005918762088974855,0.02620967741935484
10793,52,7.0,8,0.0,56.0,0.0038684719535783366,0.014112903225806451
10794,14,23.25,15,0.2,279.0,0.01644100580270793,0.028225806451612902
10794,54,7.45,6,0.2,35.760000000000005,0.004216634429400387,0.010080645161290322
10795,16,17.45,65,0.0,1134.25,0.01195357833655706,0.12903225806451613
10795,17,39.0,35,0.25,1023.75,0.02862669245647969,0.06854838709677419
10796,26,31.23,21,0.2,524.6640000000001,0.022615087040618955,0.04032258064516129
10796,44,19.45,10,0.0,194.5,0.013500967117988394,0.018145161290322582
10796,64,33.25,35,0.2,931.0,0.024177949709864602,0.06854838709677419
10796,69,36.0,24,0.2,691.2,0.02630560928433269,0.046370967741935484
10797,11,21.0,20,0.0,420.0,0.014700193423597678,0.038306451612903226
10798,62,49.3,2,0.0,98.6,0.03659574468085106,0.0020161290322580645
10798,72,34.8,10,0.0,348.0,0.025377176015473887,0.018145161290322582
10799,13,6.0,20,0.15,102.0,0.003094777562862669,0.038306451612903226
10799,24,4.5,20,0.15,76.5,0.0019342359767891683,0.038306451612903226
10799,59,55.0,25,0.0,1375.0,0.04100580270793037,0.04838709677419355
10800,11,21.0,50,0.1,945.0,0.014700193423597678,0.09879032258064516
10800,51,53.0,10,0.1,477.0,0.039458413926499035,0.018145161290322582
10800,54,7.45,7,0.1,46.935,0.004216634429400387,0.012096774193548387
10801,17,39.0,40,0.25,1170.0,0.02862669245647969,0.07862903225806452
10801,29,123.79,20,0.25,1856.8500000000001,0.09422823984526113,0.038306451612903226
10802,30,25.89,25,0.25,485.4375,0.01848355899419729,0.04838709677419355
10802,51,53.0,30,0.25,1192.5,0.039458413926499035,0.05846774193548387
10802,55,24.0,60,0.25,1080.0,0.01702127659574468,0.11895161290322581
10802,62,49.3,5,0.25,184.875,0.03659574468085106,0.008064516129032258
10803,19,9.2,24,0.05,209.75999999999996,0.0055705996131528044,0.046370967741935484
10803,25,14.0,15,0.05,199.5,0.009284332688588007,0.028225806451612902
10803,59,55.0,15,0.05,783.75,0.04100580270793037,0.028225806451612902
10804,10,31.0,36,0.0,1116.0,0.02243713733075435,0.07056451612903226
10804,28,45.6,24,0.0,1094.4,0.0337330754352031,0.046370967741935484
10804,49,20.0,4,0.15,68.0,0.013926499032882012,0.006048387096774193
10805,34,14.0,10,0.0,140.0,0.009284332688588007,0.018145161290322582
10805,38,263.5,10,0.0,2635.0,0.202321083172147,0.018145161290322582
10806,2,19.0,20,0.25,285.0,0.013152804642166345,0.038306451612903226
10806,65,21.05,2,0.0,42.1,0.014738878143133462,0.0020161290322580645
10806,74,10.0,15,0.25,112.5,0.006189555125725338,0.028225806451612902
10807,40,18.4,21,0.0,386.4,0.012688588007736944,0.04032258064516129
10808,56,38.0,20,0.15,646.0,0.027852998065764023,0.038306451612903226
10808,76,18.0,50,0.15,765.0,0.012379110251450677,0.09879032258064516
10809,52,7.0,20,0.0,140.0,0.0038684719535783366,0.038306451612903226
10810,13,6.0,7,0.0,42.0,0.003094777562862669,0.012096774193548387
10810,70,15.0,5,0.0,75.0,0.010058027079303675,0.008064516129032258
10811,19,9.2,15,0.0,138.0,0.0055705996131528044,0.028225806451612902
10811,23,9.0,18,0.0,162.0,0.005415860735009671,0.034274193548387094
10811,40,18.4,30,0.0,552.0,0.012688588007736944,0.05846774193548387
10812,31,12.5,16,0.1,180.0,0.008123791102514507,0.03024193548387097
10812,72,34.8,40,0.1,1252.8,0.025377176015473887,0.07862903225806452
10812,77,13.0,20,0.0,260.0,0.00851063829787234,0.038306451612903226
10813,2,19.0,12,0.2,182.4,0.013152804642166345,0.02217741935483871
10813,46,12.0,35,0.0,420.0,0.007736943907156673,0.06854838709677419
10814,41,9.65,20,0.0,193.0,0.005918762088974855,0.038306451612903226
10814,43,46.0,20,0.15,782.0,0.03404255319148936,0.038306451612903226
10814,48,12.75,8,0.15,86.7,0.008317214700193424,0.014112903225806451
10814,61,28.5,30,0.15,726.75,0.020502901353965184,0.05846774193548387
10815,33,2.5,16,0.0,40.0,0.00038684719535783365,0.03024193548387097
10816,38,263.5,30,0.05,7509.75,0.202321083172147,0.05846774193548387
10816,62,49.3,20,0.05,936.6999999999999,0.03659574468085106,0.038306451612903226
10817,26,31.23,40,0.15,1061.82,0.022615087040618955,0.07862903225806452
10817,38,263.5,30,0.0,7905.0,0.202321083172147,0.05846774193548387
10817,40,18.4,60,0.15,938.4,0.012688588007736944,0.11895161290322581
10817,62,49.3,25,0.15,1047.625,0.03659574468085106,0.04838709677419355
10818,32,32.0,20,0.0,640.0,0.02321083172147002,0.038306451612903226
10818,41,9.65,340,0.0,3281.0,0.005918762088974855,0.6834677419354839
10819,43,46.0,7,0.0,322.0,0.03404255319148936,0.012096774193548387
10819,75,7.75,20,0.0,155.0,0.004448742746615087,0.038306451612903226
10820,56,38.0,30,0.0,1140.0,0.027852998065764023,0.05846774193548387
10821,35,18.0,20,0.0,360.0,0.012379110251450677,0.038306451612903226
10821,51,53.0,6,0.0,318.0,0.039458413926499035,0.010080645161290322
10822,62,49.3,3,0.0,147.89999999999998,0.03659574468085106,0.004032258064516129
10822,70,15.0,6,0.0,90.0,0.010058027079303675,0.010080645161290322
10823,11,21.0,20,0.1,378.0,0.014700193423597678,0.038306451612903226
10823,57,19.5,15,0.0,292.5,0.013539651837524178,0.028225806451612902
10823,59,55.0,40,0.1,1980.0,0.04100580270793037,0.07862903225806452
10823,77,13.0,15,0.1,175.5,0.00851063829787234,0.028225806451612902
10824,41,9.65,12,0.0,115.80000000000001,0.005918762088974855,0.02217741935483871
10824,70,15.0,9,0.0,135.0,0.010058027079303675,0.016129032258064516
10825,26,31.23,12,0.0,374.76,0.022615087040618955,0.02217741935483871
10825,53,32.8,20,0.0,656.0,0.02382978723404255,0.038306451612903226
10826,31,12.5,35,0.0,437.5,0.008123791102514507,0.06854838709677419
10826,200,19.5,15,0.0,292.5,0.013539651837524178,0.028225806451612902
10827,10,31.0,15,0.0,465.0,0.02243713733075435,0.028225806451612902
10827,39,18.0,21,0.0,378.0,0.012379110251450677,0.04032258064516129
10828,20,81.0,5,0.0,405.0,0.06112185686653772,0.008064516129032258
10828,38,263.5,2,0.0,527.0,0.202321083172147,0.0020161290322580645
10829,2,19.0,10,0.0,190.0,0.013152804642166345,0.018145161290322582
10829,8,40.0,20,0.0,800.0,0.029400386847195356,0.038306451612903226
10829,13,6.0,10,0.0,60.0,0.003094777562862669,0.018145161290322582
10829,60,34.0,21,0.0,714.0,0.024758220502901353,0.04032258064516129
10830,6,25.0,6,0.0,150.0,0.017794970986460348,0.010080645161290322
10830,39,18.0,20,0.0,360.0,0.012379110251450677,0.038306451612903226
10830,60,850.0,30,0.0,25500.0,0.6560928433268859,0.05846774193548387
10830,68,12.5,24,0.0,300.0,0.008123791102514507,0.046370967741935484
10831,19,9.2,2,0.0,18.4,0.0055705996131528044,0.0020161290322580645
10831,35,18.0,8,0.0,144.0,0.012379110251450677,0.014112903225806451
10831,38,263.5,426,0.0,112251.0,0.202321083172147,0.8568548387096774
10831,43,46.0,9,0.0,414.0,0.03404255319148936,0.016129032258064516
10832,13,6.0,3,0.2,14.4,0.003094777562862669,0.004032258064516129
10832,25,14.0,10,0.2,112.0,0.009284332688588007,0.018145161290322582
10832,44,19.45,16,0.2,248.96,0.013500967117988394,0.03024193548387097
10832,64,33.25,3,0.0,99.75,0.024177949709864602,0.004032258064516129
10833,7,30.0,20,0.1,540.0,0.021663442940038684,0.038306451612903226
10833,31,12.5,9,0.1,101.25,0.008123791102514507,0.016129032258064516
10833,53,32.8,9,0.1,265.68,0.02382978723404255,0.016129032258064516
10834,29,123.79,8,0.05,940.804,0.09422823984526113,0.014112903225806451
10834,30,25.89,20,0.05,491.9099999999999,0.01848355899419729,0.038306451612903226
10835,59,55.0,15,0.0,825.0,0.04100580270793037,0.028225806451612902
10835,77,18.4,2,0.2,29.439999999999998,0.012688588007736944,0.0020161290322580645
10836,22,21.0,52,0.0,1092.0,0.014700193423597678,0.1028225806451613
10836,35,18.0,6,0.0,108.0,0.012379110251450677,0.010080645161290322
10836,57,19.5,24,0.0,468.0,0.013539651837524178,0.046370967741935484
10836,60,34.0,60,0.0,2040.0,0.024758220502901353,0.11895161290322581
10836,64,532.0,30,0.0,15960.0,0.41005802707930367,0.05846774193548387
10837,13,6.0,6,0.0,36.0,0.003094777562862669,0.010080645161290322
10837,40,18.4,25,0.0,459.99999999999994,0.012688588007736944,0.04838709677419355
10837,47,9.5,40,0.25,285.0,0.005802707930367505,0.07862903225806452
10837,76,18.0,21,0.25,283.5,0.012379110251450677,0.04032258064516129
10838,1,18.0,4,0.25,54.0,0.012379110251450677,0.006048387096774193
10838,18,62.5,25,0.25,1171.875,0.04680851063829787,0.04838709677419355
10838,36,19.0,50,0.25,712.5,0.013152804642166345,0.09879032258064516
10839,58,13.25,30,0.1,357.75,0.008704061895551257,0.05846774193548387
10839,72,34.8,15,0.1,469.8,0.025377176015473887,0.028225806451612902
10840,25,14.0,6,0.2,67.2,0.009284332688588007,0.010080645161290322
10840,39,18.0,10,0.2,144.0,0.012379110251450677,0.018145161290322582
10841,10,31.0,16,0.0,496.0,0.02243713733075435,0.03024193548387097
10841,56,38.0,30,0.0,1140.0,0.027852998065764023,0.05846774193548387
10841,59,55.0,50,0.0,2750.0,0.04100580270793037,0.09879032258064516
10841,77,13.0,15,0.0,195.0,0.00851063829787234,0.028225806451612902
10842,11,21.0,15,0.0,315.0,0.014700193423597678,0.028225806451612902
10842,43,46.0,5,0.0,230.0,0.03404255319148936,0.008064516129032258
10842,68,12.5,20,0.0,250.0,0.008123791102514507,0.038306451612903226
10842,70,15.0,12,0.0,180.0,0.010058027079303675,0.02217741935483871
10843,51,53.0,4,0.25,159.0,0.039458413926499035,0.006048387096774193
10844,22,21.0,35,0.0,735.0,0.014700193423597678,0.06854838709677419
10845,23,9.0,70,0.1,567.0,0.005415860735009671,0.13911290322580644
10845,35,18.0,20,0.1,324.0,0.012379110251450677,0.038306451612903226
10845,42,14.0,42,0.1,529.2,0.009284332688588007,0.08266129032258064
10845,58,13.25,60,0.1,715.5,0.008704061895551257,0.11895161290322581
10845,64,33.25,48,0.0,1596.0,0.024177949709864602,0.09475806451612903
10846,4,22.0,21,0.0,462.0,0.015473887814313346,0.04032258064516129
10846,70,15.0,30,0.0,450.0,0.010058027079303675,0.05846774193548387
10846,74,10.0,20,0.0,200.0,0.006189555125725338,0.038306451612903226
10847,1,18.0,80,0.2,1152.0,0.012379110251450677,0.1592741935483871
10847,19,9.2,12,-0.1,121.44,0.0055705996131528044,0.02217741935483871
10847,37,26.0,60,0.2,1248.0,0.018568665377176014,0.11895161290322581
10847,45,9.5,36,0.2,273.6,0.005802707930367505,0.07056451612903226
10847,60,34.0,45,0.2,1224.0,0.024758220502901353,0.08870967741935484
10847,71,21.5,55,0.2,946.0,0.015087040618955513,0.10887096774193548
10848,5,21.35,30,0.0,640.5,0.014970986460348163,0.05846774193548387
10848,9,97.0,3,0.0,291.0,0.0735009671179884,0.004032258064516129
10849,3,10.0,49,0.0,490.0,0.006189555125725338,0.0967741935483871
10849,26,31.23,18,0.15,477.81899999999996,0.022615087040618955,0.034274193548387094
10850,25,14.0,20,0.15,238.0,0.009284332688588007,0.038306451612903226
10850,33,2.5,4,0.15,8.5,0.00038684719535783365,0.006048387096774193
10850,70,15.0,30,0.15,382.5,0.010058027079303675,0.05846774193548387
10851,2,19.0,5,0.05,90.25,0.013152804642166345,0.008064516129032258
10851,25,14.0,10,0.05,133.0,0.009284332688588007,0.018145161290322582
10851,57,19.5,10,0.05,185.25,0.013539651837524178,0.018145161290322582
10851,59,55.0,42,0.05,2194.5,0.04100580270793037,0.08266129032258064
10852,2,19.0,15,0.0,285.0,0.013152804642166345,0.028225806451612902
10852,17,39.0,6,0.0,234.0,0.02862669245647969,0.010080645161290322
10852,62,49.3,50,0.0,2465.0,0.03659574468085106,0.09879032258064516
10853,18,62.5,10,0.0,625.0,0.04680851063829787,0.018145161290322582
10854,10,31.0,100,0.15,2635.0,0.02243713733075435,0.19959677419354838
10854,13,6.0,65,0.15,331.5,0.003094777562862669,0.12903225806451613
10855,16,17.45,50,0.0,872.5,0.01195357833655706,0.09879032258064516
10855,31,12.5,14,0.0,175.0,0.008123791102514507,0.02620967741935484
10855,56,38.0,24,0.0,912.0,0.027852998065764023,0.046370967741935484
10855,65,21.05,15,0.15,268.3875,0.014738878143133462,0.028225806451612902
10856,2,19.0,20,0.0,380.0,0.013152804642166345,0.038306451612903226
10856,42,14.0,20,0.0,280.0,0.009284332688588007,0.038306451612903226
10857,3,10.0,30,0.0,300.0,0.006189555125725338,0.05846774193548387
10857,26,31.23,35,0.25,819.7874999999999,0.022615087040618955,0.06854838709677419
10857,29,123.79,10,0.25,928.4250000000001,0.09422823984526113,0.018145161290322582
10858,7,30.0,5,0.0,150.0,0.021663442940038684,0.008064516129032258
10858,27,43.9,10,0.0,439.0,0.03241779497098646,0.018145161290322582
10858,70,15.0,4,0.0,60.0,0.010058027079303675,0.006048387096774193
10859,24,4.5,40,0.25,135.0,0.0019342359767891683,0.07862903225806452
10859,54,7.45,35,0.25,195.5625,0.004216634429400387,0.06854838709677419
10859,64,33.25,30,0.25,748.125,0.024177949709864602,0.05846774193548387
10860,51,53.0,3,0.0,159.0,0.039458413926499035,0.004032258064516129
10860,76,18.0,20,0.0,360.0,0.012379110251450677,0.038306451612903226
10861,17,39.0,42,0.0,1638.0,0.02862669245647969,0.08266129032258064
10861,18,62.5,20,0.0,1250.0,0.04680851063829787,0.038306451612903226
10861,21,10.0,40,0.0,400.0,0.006189555125725338,0.07862903225806452
10861,33,2.5,35,0.0,87.5,0.00038684719535783365,0.06854838709677419
10861,62,49.3,3,0.0,147.89999999999998,0.03659574468085106,0.004032258064516129
10862,11,21.0,25,0.0,525.0,0.014700193423597678,0.04838709677419355
10862,52,7.0,8,0.0,56.0,0.0038684719535783366,0.014112903225806451
10863,1,18.0,20,0.15,306.0,0.012379110251450677,0.038306451612903226
10863,58,13.25,12,0.15,135.15,0.008704061895551257,0.02217741935483871
10864,35,18.0,4,0.0,72.0,0.012379110251450677,0.006048387096774193
10864,67,14.0,15,0.0,210.0,0.009284332688588007,0.028225806451612902
10865,38,263.5,60,0.05,15019.5,0.202321083172147,0.11895161290322581
10866,2,19.0,21,0.25,299.25,0.013152804642166345,0.04032258064516129
10866,24,4.5,6,0.25,20.25,0.0019342359767891683,0.010080645161290322
10866,30,25.89,40,0.25,776.6999999999999,0.01848355899419729,0.07862903225806452
10867,53,32.8,3,0.0,98.39999999999999,0.02382978723404255,0.004032258064516129
10868,26,31.23,20,0.0,624.6,0.022615087040618955,0.038306451612903226
10868,35,18.0,30,0.0,540.0,0.012379110251450677,0.05846774193548387
10868,49,20.0,42,0.1,756.0,0.013926499032882012,0.08266129032258064
10869,1,18.0,40,0.0,720.0,0.012379110251450677,0.07862903225806452
10869,11,21.0,10,0.0,210.0,0.014700193423597678,0.018145161290322582
10869,23,9.0,50,0.0,450.0,0.005415860735009671,0.09879032258064516
10869,68,12.5,20,0.0,250.0,0.008123791102514507,0.038306451612903226
10870,35,18.0,3,0.0,54.0,0.012379110251450677,0.004032258064516129
10870,51,53.0,2,0.0,106.0,0.039458413926499035,0.0020161290322580645
10871,6,25.0,50,0.05,1187.5,0.017794970986460348,0.09879032258064516
10871,16,17.45,12,0.05,198.92999999999998,0.01195357833655706,0.02217741935483871
10871,17,39.0,16,0.05,592.8,0.02862669245647969,0.03024193548387097
10872,55,24.0,10,0.05,228.0,0.01702127659574468,0.018145161290322582
10872,62,49.3,20,0.05,936.6999999999999,0.03659574468085106,0.038306451612903226
10872,64,33.25,15,0.05,473.8125,0.024177949709864602,0.028225806451612902
10872,65,21.05,21,0.05,419.9475,0.014738878143133462,0.04032258064516129
10873,21,10.0,20,0.0,200.0,0.006189555125725338,0.038306451612903226
10873,28,45.6,3,0.0,136.8,0.0337330754352031,0.004032258064516129
10874,10,18.4,10,0.0,184.0,0.012688588007736944,0.018145161290322582
10875,19,9.2,25,0.0,229.99999999999997,0.0055705996131528044,0.04838709677419355
10875,47,9.5,21,0.1,179.55,0.005802707930367505,0.04032258064516129
10875,49,20.0,15,0.0,300.0,0.013926499032882012,0.028225806451612902
10876,46,12.0,21,0.0,252.0,0.007736943907156673,0.04032258064516129
10876,64,33.25,20,0.0,665.0,0.024177949709864602,0.038306451612903226
10877,16,17.45,30,0.25,392.625,0.01195357833655706,0.05846774193548387
10877,18,62.5,25,0.0,1562.5,0.04680851063829787,0.04838709677419355
10878,20,81.0,20,0.05,1539.0,0.06112185686653772,0.038306451612903226
10879,40,18.4,12,0.0,220.79999999999998,0.012688588007736944,0.02217741935483871
10879,65,21.05,10,0.0,210.5,0.014738878143133462,0.018145161290322582
10879,76,18.0,10,0.0,180.0,0.012379110251450677,0.018145161290322582
10880,23,9.0,30,0.2,216.0,0.005415860735009671,0.05846774193548387
10880,61,28.5,30,0.2,684.0,0.020502901353965184,0.05846774193548387
10880,70,15.0,50,0.2,600.0,0.010058027079303675,0.09879032258064516
10881,73,15.0,10,0.0,150.0,0.010058027079303675,0.018145161290322582
10882,42,14.0,25,0.0,350.0,0.009284332688588007,0.04838709677419355
10882,49,20.0,20,0.0,400.0,0.013926499032882012,0.038306451612903226
10882,54,7.45,32,0.15,202.64,0.004216634429400387,0.0625
10883,24,4.5,8,0.0,36.0,0.0019342359767891683,0.014112903225806451
10884,21,10.0,40,0.05,380.0,0.006189555125725338,0.07862903225806452
10884,56,38.0,21,0.05,758.0999999999999,0.027852998065764023,0.04032258064516129
10884,65,21.05,12,0.05,239.97,0.014738878143133462,0.02217741935483871
10885,2,19.0,20,0.0,380.0,0.013152804642166345,0.038306451612903226
10885,24,4.5,12,0.0,54.0,0.0019342359767891683,0.02217741935483871
10885,70,15.0,30,0.0,450.0,0.010058027079303675,0.05846774193548387
10885,77,13.0,25,0.0,325.0,0.00851063829787234,0.04838709677419355
10886,10,31.0,70,0.0,2170.0,0.02243713733075435,0.13911290322580644
10886,31,12.5,35,0.0,437.5,0.008123791102514507,0.06854838709677419
10886,77,13.0,40,0.0,520.0,0.00851063829787234,0.07862903225806452
10887,25,14.0,5,0.0,70.0,0.009284332688588007,0.008064516129032258
10888,2,19.0,20,0.0,380.0,0.013152804642166345,0.038306451612903226
10888,68,12.5,18,0.0,225.0,0.008123791102514507,0.034274193548387094
10889,11,21.0,40,0.0,840.0,0.014700193423597678,0.07862903225806452
10889,38,263.5,40,0.0,10540.0,0.202321083172147,0.07862903225806452
10890,17,39.0,15,0.0,585.0,0.02862669245647969,0.028225806451612902
10890,34,14.0,10,0.0,140.0,0.009284332688588007,0.018145161290322582
10890,41,9.65,14,0.0,135.1,0.005918762088974855,0.02620967741935484
10891,30,25.89,15,0.05,368.9325,0.01848355899419729,0.028225806451612902
10892,59,55.0,40,0.05,2090.0,0.04100580270793037,0.07862903225806452
10893,8,40.0,30,0.0,1200.0,0.029400386847195356,0.05846774193548387
10893,24,4.5,10,0.0,45.0,0.0019342359767891683,0.018145161290322582
10893,29,123.79,24,0.0,2970.96,0.09422823984526113,0.046370967741935484
10893,30,25.89,35,0.0,906.15,0.01848355899419729,0.06854838709677419
10893,36,19.0,20,0.0,380.0,0.013152804642166345,0.038306451612903226
10894,13,6.0,28,0.05,159.6,0.003094777562862669,0.05443548387096774
10894,69,36.0,50,0.05,1710.0,0.02630560928433269,0.09879032258064516
10894,75,7.75,120,0.05,883.5,0.004448742746615087,0.2399193548387097
10895,24,4.5,20,0.0,90.0,0.0019342359767891683,0.038306451612903226
10895,39,18.0,45,0.0,810.0,0.012379110251450677,0.08870967741935484
10895,40,18.4,91,0.0,1674.3999999999999,0.012688588007736944,0.1814516129032258
10895,60,34.0,100,0.0,3400.0,0.024758220502901353,0.19959677419354838
10896,45,9.5,15,0.0,142.5,0.005802707930367505,0.028225806451612902
10896,56,38.0,16,0.0,608.0,0.027852998065764023,0.03024193548387097
10897,29,123.79,80,0.0,9903.2,0.09422823984526113,0.1592741935483871
10897,30,25.89,36,0.0,932.04,0.01848355899419729,0.07056451612903226
10898,13,6.0,5,0.0,30.0,0.003094777562862669,0.008064516129032258
10899,39,18.0,8,0.15,122.39999999999999,0.012379110251450677,0.014112903225806451
10900,70,15.0,3,0.25,33.75,0.010058027079303675,0.004032258064516129
10901,41,9.65,30,0.0,289.5,0.005918762088974855,0.05846774193548387
10901,71,21.5,30,0.0,645.0,0.015087040618955513,0.05846774193548387
10902,55,24.0,30,0.15,612.0,0.01702127659574468,0.05846774193548387
10902,62,49.3,6,0.15,251.42999999999995,0.03659574468085106,0.010080645161290322
10903,13,6.0,40,0.0,240.0,0.003094777562862669,0.07862903225806452
10903,65,21.05,21,0.0,442.05,0.014738878143133462,0.04032258064516129
10903,68,12.5,20,0.0,250.0,0.008123791102514507,0.038306451612903226
10904,58,13.25,15,0.0,198.75,0.008704061895551257,0.028225806451612902
10904,62,49.3,35,0.0,1725.5,0.03659574468085106,0.06854838709677419
10905,1,18.0,20,0.05,342.0,0.012379110251450677,0.038306451612903226
10906,61,28.5,15,0.0,427.5,0.020502901353965184,0.028225806451612902
10907,75,7.75,14,0.0,108.5,0.004448742746615087,0.02620967741935484
10908,7,30.0,20,0.05,570.0,0.021663442940038684,0.038306451612903226
10908,52,7.0,14,0.05,93.1,0.0038684719535783366,0.02620967741935484
10909,7,30.0,12,0.0,360.0,0.021663442940038684,0.02217741935483871
10909,16,17.45,15,0.0,261.75,0.01195357833655706,0.028225806451612902
10909,41,9.65,5,0.0,48.25,0.005918762088974855,0.008064516129032258
10910,19,9.2,12,0.0,110.39999999999999,0.0055705996131528044,0.02217741935483871
10910,49,20.0,10,0.0,200.0,0.013926499032882012,0.018145161290322582
10910,61,28.5,5,0.0,142.5,0.020502901353965184,0.008064516129032258
10911,1,18.0,10,0.0,180.0,0.012379110251450677,0.018145161290322582
10911,17,39.0,12,0.0,468.0,0.02862669245647969,0.02217741935483871
10911,67,14.0,15,0.0,210.0,0.009284332688588007,0.028225806451612902
10912,11,21.0,40,0.25,630.0,0.014700193423597678,0.07862903225806452
10912,29,123.79,60,0.25,5570.55,0.09422823984526113,0.11895161290322581
10913,4,22.0,30,0.25,495.0,0.015473887814313346,0.05846774193548387
10913,33,2.5,40,0.25,75.0,0.00038684719535783365,0.07862903225806452
10913,58,13.25,15,0.0,198.75,0.008704061895551257,0.028225806451612902
10914,71,21.5,25,0.0,537.5,0.015087040618955513,0.04838709677419355
10915,17,39.0,10,0.0,390.0,0.02862669245647969,0.018145161290322582
10915,33,2.5,30,0.0,75.0,0.00038684719535783365,0.05846774193548387
10915,54,7.45,10,0.0,74.5,0.004216634429400387,0.018145161290322582
10916,16,17.45,6,0.0,104.69999999999999,0.01195357833655706,0.010080645161290322
10916,32,32.0,6,0.0,192.0,0.02321083172147002,0.010080645161290322
10917,30,25.89,1,0.0,25.89,0.01848355899419729,0.0
10917,60,34.0,10,0.0,340.0,0.024758220502901353,0.018145161290322582
10918,1,18.0,60,0.25,810.0,0.012379110251450677,0.11895161290322581
10918,60,34.0,25,0.25,637.5,0.024758220502901353,0.04838709677419355
10919,16,17.45,24,0.0,418.79999999999995,0.01195357833655706,0.046370967741935484
10919,25,14.0,24,0.0,336.0,0.009284332688588007,0.046370967741935484
10919,40,18.4,20,0.0,368.0,0.012688588007736944,0.038306451612903226
10920,50,16.25,24,0.0,390.0,0.011025145067698259,0.046370967741935484
10921,35,18.0,10,0.0,180.0,0.012379110251450677,0.018145161290322582
10921,63,43.9,40,0.0,1756.0,0.03241779497098646,0.07862903225806452
10922,17,39.0,15,0.0,585.0,0.02862669245647969,0.028225806451612902
10922,24,4.5,35,0.0,157.5,0.0019342359767891683,0.06854838709677419
10923,42,14.0,10,0.2,112.0,0.009284332688588007,0.018145161290322582
10923,43,46.0,10,0.2,368.0,0.03404255319148936,0.018145161290322582
10923,67,14.0,24,0.2,268.8,0.009284332688588007,0.046370967741935484
10924,10,31.0,20,0.1,558.0,0.02243713733075435,0.038306451612903226
10924,28,45.6,30,0.1,1231.2,0.0337330754352031,0.05846774193548387
10924,75,7.75,6,0.0,46.5,0.004448742746615087,0.010080645161290322
10925,36,19.0,25,0.15,403.75,0.013152804642166345,0.04838709677419355
10925,52,7.0,12,0.15,71.39999999999999,0.0038684719535783366,0.02217741935483871
10926,11,21.0,2,0.0,42.0,0.014700193423597678,0.0020161290322580645
10926,13,6.0,10,0.0,60.0,0.003094777562862669,0.018145161290322582
10926,19,9.2,7,0.0,64.39999999999999,0.0055705996131528044,0.012096774193548387
10926,72,34.8,10,0.0,348.0,0.025377176015473887,0.018145161290322582
10927,20,81.0,5,0.0,405.0,0.06112185686653772,0.008064516129032258
10927,52,7.0,5,0.0,35.0,0.0038684719535783366,0.008064516129032258
10927,76,18.0,20,0.0,360.0,0.012379110251450677,0.038306451612903226
10928,47,9.5,5,0.0,47.5,0.005802707930367505,0.008064516129032258
10928,76,18.0,5,0.0,90.0,0.012379110251450677,0.008064516129032258
10929,21,10.0,60,0.0,600.0,0.006189555125725338,0.11895161290322581
10929,75,7.75,49,0.0,379.75,0.004448742746615087,0.0967741935483871
10929,77,13.0,433,0.0,5629.0,0.00851063829787234,0.8709677419354839
10930,21,10.0,20,0.0,200.0,0.006189555125725338,0.038306451612903226
10930,27,43.9,25,0.0,1097.5,0.03241779497098646,0.04838709677419355
10930,55,24.0,25,0.2,480.0,0.01702127659574468,0.04838709677419355
10930,58,13.25,30,0.2,318.0,0.008704061895551257,0.05846774193548387
10931,13,6.0,42,0.15,214.2,0.003094777562862669,0.08266129032258064
10931,57,19.5,30,0.0,585.0,0.013539651837524178,0.05846774193548387
10932,16,17.45,30,0.1,471.15000000000003,0.01195357833655706,0.05846774193548387
10932,62,49.3,14,0.1,621.18,0.03659574468085106,0.02620967741935484
10932,72,34.8,16,0.0,556.8,0.025377176015473887,0.03024193548387097
10932,75,7.75,20,0.1,139.5,0.004448742746615087,0.038306451612903226
10933,53,32.8,2,0.0,65.6,0.02382978723404255,0.0020161290322580645
10933,61,28.5,30,0.0,855.0,0.020502901353965184,0.05846774193548387
10934,6,25.0,20,0.0,500.0,0.017794970986460348,0.038306451612903226
10935,1,18.0,21,0.0,378.0,0.012379110251450677,0.04032258064516129
10935,18,62.5,4,0.25,187.5,0.04680851063829787,0.006048387096774193
10935,23,9.0,8,0.25,54.0,0.005415860735009671,0.014112903225806451
10936,36,19.0,30,1.5,-285.0,0.013152804642166345,0.05846774193548387
10937,28,45.6,8,0.0,364.8,0.0337330754352031,0.014112903225806451
10937,34,14.0,20,0.0,280.0,0.009284332688588007,0.038306451612903226
10938,13,6.0,20,0.25,90.0,0.003094777562862669,0.038306451612903226
10938,43,46.0,24,0.25,828.0,0.03404255319148936,0.046370967741935484
10938,60,34.0,49,0.25,1249.5,0.024758220502901353,0.0967741935483871
10938,71,21.5,35,0.25,564.375,0.015087040618955513,0.06854838709677419
10939,2,19.0,10,0.15,161.5,0.013152804642166345,0.018145161290322582
10939,67,14.0,40,0.15,476.0,0.009284332688588007,0.07862903225806452
10940,7,30.0,8,0.0,240.0,0.021663442940038684,0.014112903225806451
10940,13,6.0,20,0.0,120.0,0.003094777562862669,0.038306451612903226
10941,31,12.5,44,0.25,412.5,0.008123791102514507,0.08669354838709678
10941,62,49.3,30,0.25,1109.25,0.03659574468085106,0.05846774193548387
10941,68,12.5,80,0.25,750.0,0.008123791102514507,0.1592741935483871
10941,72,34.8,50,0.0,1739.9999999999998,0.025377176015473887,0.09879032258064516
10942,49,20.0,28,0.0,560.0,0.013926499032882012,0.05443548387096774
10943,13,6.0,15,0.0,90.0,0.003094777562862669,0.028225806451612902
10943,22,21.0,21,0.0,441.0,0.014700193423597678,0.04032258064516129
10943,46,12.0,15,0.0,180.0,0.007736943907156673,0.028225806451612902
10944,11,21.0,5,0.25,78.75,0.014700193423597678,0.008064516129032258
10944,44,19.45,18,0.25,262.575,0.013500967117988394,0.034274193548387094
10944,56,38.0,18,0.0,684.0,0.027852998065764023,0.034274193548387094
10945,13,6.0,20,0.0,120.0,0.003094777562862669,0.038306451612903226
10945,31,12.5,10,0.0,125.0,0.008123791102514507,0.018145161290322582
10946,10,31.0,25,0.0,775.0,0.02243713733075435,0.04838709677419355
10946,24,4.5,25,0.0,112.5,0.0019342359767891683,0.04838709677419355
10946,77,13.0,40,0.0,520.0,0.00851063829787234,0.07862903225806452
10947,59,55.0,4,0.0,220.0,0.04100580270793037,0.006048387096774193
10948,50,16.25,9,0.0,146.25,0.011025145067698259,0.016129032258064516
10948,51,53.0,40,0.0,2120.0,0.039458413926499035,0.07862903225806452
10948,55,24.0,4,0.0,96.0,0.01702127659574468,0.006048387096774193
10949,6,25.0,12,0.0,300.0,0.017794970986460348,0.02217741935483871
10949,10,31.0,30,0.0,930.0,0.02243713733075435,0.05846774193548387
10949,17,39.0,6,0.0,234.0,0.02862669245647969,0.010080645161290322
10949,62,49.3,60,0.0,2958.0,0.03659574468085106,0.11895161290322581
10950,4,22.0,5,0.0,110.0,0.015473887814313346,0.008064516129032258
10951,33,2.5,15,0.05,35.625,0.00038684719535783365,0.028225806451612902
10951,41,9.65,6,0.05,55.005,0.005918762088974855,0.010080645161290322
10951,75,7.75,50,0.05,368.125,0.004448742746615087,0.09879032258064516
10952,6,25.0,16,0.05,380.0,0.017794970986460348,0.03024193548387097
10952,28,45.6,2,0.0,91.2,0.0337330754352031,0.0020161290322580645
10953,20,81.0,50,0.05,3847.5,0.06112185686653772,0.09879032258064516
10953,31,12.5,50,0.05,593.75,0.008123791102514507,0.09879032258064516
10954,16,17.45,28,0.15,415.30999999999995,0.01195357833655706,0.05443548387096774
10954,31,12.5,25,0.15,265.625,0.008123791102514507,0.04838709677419355
10954,45,9.5,30,0.0,285.0,0.005802707930367505,0.05846774193548387
10954,60,34.0,24,0.15,693.6,0.024758220502901353,0.046370967741935484
10955,75,7.75,12,0.2,74.4,0.004448742746615087,0.02217741935483871
10956,21,10.0,12,0.0,120.0,0.006189555125725338,0.02217741935483871
10956,47,9.5,14,0.0,133.0,0.005802707930367505,0.02620967741935484
10956,51,53.0,8,0.0,424.0,0.039458413926499035,0.014112903225806451
10957,30,25.89,30,0.0,776.7,0.01848355899419729,0.05846774193548387
10957,35,18.0,40,0.0,720.0,0.012379110251450677,0.07862903225806452
10957,64,33.25,8,0.0,266.0,0.024177949709864602,0.014112903225806451
10958,5,21.35,20,0.0,427.0,0.014970986460348163,0.038306451612903226
10958,7,30.0,6,-0.1,198.00000000000003,0.021663442940038684,0.010080645161290322
10958,72,34.8,5,0.0,174.0,0.025377176015473887,0.008064516129032258
10959,75,7.75,20,0.15,131.75,0.004448742746615087,0.038306451612903226
10960,24,4.5,10,0.25,33.75,0.0019342359767891683,0.018145161290322582
10960,41,9.65,24,0.0,231.60000000000002,0.005918762088974855,0.046370967741935484
10961,52,7.0,6,0.05,39.9,0.0038684719535783366,0.010080645161290322
10961,76,18.0,60,0.0,1080.0,0.012379110251450677,0.11895161290322581
10962,7,30.0,45,0.0,1350.0,0.021663442940038684,0.08870967741935484
10962,13,6.0,77,0.0,462.0,0.003094777562862669,0.1532258064516129
10962,53,32.8,20,0.0,656.0,0.02382978723404255,0.038306451612903226
10962,69,36.0,9,0.0,324.0,0.02630560928433269,0.016129032258064516
10962,76,18.0,44,0.0,792.0,0.012379110251450677,0.08669354838709678
10963,60,34.0,2,0.15,57.8,0.024758220502901353,0.0020161290322580645
10964,18,62.5,6,0.0,375.0,0.04680851063829787,0.010080645161290322
10964,38,263.5,5,0.0,1317.5,0.202321083172147,0.008064516129032258
10964,69,36.0,10,0.0,360.0,0.02630560928433269,0.018145161290322582
10965,51,53.0,16,0.0,848.0,0.039458413926499035,0.03024193548387097
10966,37,26.0,8,0.0,208.0,0.018568665377176014,0.014112903225806451
10966,56,38.0,12,0.15,387.59999999999997,0.027852998065764023,0.02217741935483871
10966,62,49.3,12,0.15,502.8599999999999,0.03659574468085106,0.02217741935483871
10967,19,9.2,12,0.0,110.39999999999999,0.0055705996131528044,0.02217741935483871
10967,49,20.0,40,0.0,800.0,0.013926499032882012,0.07862903225806452
10968,12,38.0,30,0.0,1140.0,0.027852998065764023,0.05846774193548387
10968,24,4.5,30,0.0,135.0,0.0019342359767891683,0.05846774193548387
10968,64,33.25,4,0.0,133.0,0.024177949709864602,0.006048387096774193
10969,46,12.0,9,0.0,108.0,0.007736943907156673,0.016129032258064516
10970,52,7.0,40,0.2,224.0,0.0038684719535783366,0.07862903225806452
10971,29,123.79,14,0.0,1733.0600000000002,0.09422823984526113,0.02620967741935484
10972,17,39.0,6,0.0,234.0,0.02862669245647969,0.010080645161290322
10972,33,2.5,7,0.0,17.5,0.00038684719535783365,0.012096774193548387
10973,26,31.23,5,0.0,156.15,0.022615087040618955,0.008064516129032258
10973,41,9.65,6,0.0,57.900000000000006,0.005918762088974855,0.010080645161290322
10973,75,7.75,10,0.0,77.5,0.004448742746615087,0.018145161290322582
10974,63,43.9,10,0.0,439.0,0.03241779497098646,0.018145161290322582
10975,8,40.0,16,0.0,640.0,0.029400386847195356,0.03024193548387097
10975,75,7.75,10,0.0,77.5,0.004448742746615087,0.018145161290322582
10976,28,45.6,20,0.0,912.0,0.0337330754352031,0.038306451612903226
10977,39,18.0,30,0.0,540.0,0.012379110251450677,0.05846774193548387
10977,47,9.5,30,0.0,285.0,0.005802707930367505,0.05846774193548387
10977,51,53.0,10,0.0,530.0,0.039458413926499035,0.018145161290322582
10977,63,43.9,20,0.0,878.0,0.03241779497098646,0.038306451612903226
10978,8,40.0,20,0.15,680.0,0.029400386847195356,0.038306451612903226
10978,21,10.0,40,0.15,340.0,0.006189555125725338,0.07862903225806452
10978,40,18.4,10,0.0,184.0,0.012688588007736944,0.018145161290322582
10978,44,19.45,6,0.15,99.195,0.013500967117988394,0.010080645161290322
10979,7,30.0,18,0.0,540.0,0.021663442940038684,0.034274193548387094
10979,12,38.0,20,0.0,760.0,0.027852998065764023,0.038306451612903226
10979,24,4.5,80,0.0,360.0,0.0019342359767891683,0.1592741935483871
10979,27,43.9,30,0.0,1317.0,0.03241779497098646,0.05846774193548387
10979,31,12.5,24,0.0,300.0,0.008123791102514507,0.046370967741935484
10979,63,43.9,35,0.0,1536.5,0.03241779497098646,0.06854838709677419
10980,75,7.75,40,0.2,248.0,0.004448742746615087,0.07862903225806452
10981,38,263.5,60,0.0,15810.0,0.202321083172147,0.11895161290322581
10982,7,30.0,20,0.0,600.0,0.021663442940038684,0.038306451612903226
10982,43,46.0,9,0.0,414.0,0.03404255319148936,0.016129032258064516
10983,13,6.0,84,0.15,428.4,0.003094777562862669,0.16733870967741934
10983,57,19.5,15,0.0,292.5,0.013539651837524178,0.028225806451612902
10984,16,17.45,55,0.0,959.75,0.01195357833655706,0.10887096774193548
10984,24,4.5,20,0.0,90.0,0.0019342359767891683,0.038306451612903226
10984,36,18.4,40,0.0,736.0,0.012688588007736944,0.07862903225806452
10985,16,17.45,36,0.1,565.38,0.01195357833655706,0.07056451612903226
10985,18,62.5,8,0.1,450.0,0.04680851063829787,0.014112903225806451
10985,32,32.0,35,0.1,1008.0,0.02321083172147002,0.06854838709677419
10986,11,21.0,30,0.0,630.0,0.014700193423597678,0.05846774193548387
10986,20,81.0,15,0.0,1215.0,0.06112185686653772,0.028225806451612902
10986,76,18.0,10,0.0,180.0,0.012379110251450677,0.018145161290322582
10986,77,13.0,15,0.0,195.0,0.00851063829787234,0.028225806451612902
10987,7,30.0,60,0.0,1800.0,0.021663442940038684,0.11895161290322581
10987,43,46.0,6,0.0,276.0,0.03404255319148936,0.010080645161290322
10987,72,34.8,20,0.0,696.0,0.025377176015473887,0.038306451612903226
10988,7,30.0,60,0.0,1800.0,0.021663442940038684,0.11895161290322581
10988,62,49.3,40,0.1,1774.8,0.03659574468085106,0.07862903225806452
10989,6,1000.0,40,0.0,40000.0,0.772147001934236,0.07862903225806452
10989,11,21.0,15,0.0,315.0,0.014700193423597678,0.028225806451612902
10989,41,9.65,4,0.0,38.6,0.005918762088974855,0.006048387096774193
10990,21,10.0,65,0.0,650.0,0.006189555125725338,0.12903225806451613
10990,34,14.0,60,0.15,714.0,0.009284332688588007,0.11895161290322581
10990,55,24.0,65,0.15,1326.0,0.01702127659574468,0.12903225806451613
10990,61,28.5,66,0.15,1598.85,0.020502901353965184,0.1310483870967742
10991,2,19.0,50,0.0,950.0,0.013152804642166345,0.09879032258064516
10991,70,15.0,20,0.2,240.0,0.010058027079303675,0.038306451612903226
10991,76,18.0,90,0.2,1296.0,0.012379110251450677,0.17943548387096775
10992,72,34.8,2,0.0,69.6,0.025377176015473887,0.0020161290322580645
10993,29,123.79,50,0.25,4642.125,0.09422823984526113,0.09879032258064516
10993,41,9.65,35,0.25,253.3125,0.005918762088974855,0.06854838709677419
10994,59,55.0,18,0.05,940.5,0.04100580270793037,0.034274193548387094
10995,51,53.0,20,0.0,1060.0,0.039458413926499035,0.038306451612903226
10995,60,34.0,4,0.0,136.0,0.024758220502901353,0.006048387096774193
10996,42,14.0,40,0.0,560.0,0.009284332688588007,0.07862903225806452
10997,32,32.0,50,0.0,1600.0,0.02321083172147002,0.09879032258064516
10997,46,12.0,20,0.25,180.0,0.007736943907156673,0.038306451612903226
10997,52,7.0,20,0.25,105.0,0.0038684719535783366,0.038306451612903226
10998,24,4.5,12,0.0,54.0,0.0019342359767891683,0.02217741935483871
10998,61,28.5,7,0.0,199.5,0.020502901353965184,0.012096774193548387
10998,74,10.0,20,0.0,200.0,0.006189555125725338,0.038306451612903226
10998,75,7.75,30,0.0,232.5,0.004448742746615087,0.05846774193548387
10999,41,9.65,20,0.05,183.35,0.005918762088974855,0.038306451612903226
10999,51,53.0,15,0.05,755.25,0.039458413926499035,0.028225806451612902
10999,77,13.0,21,0.05,259.34999999999997,0.00851063829787234,0.04032258064516129
11000,4,22.0,25,0.25,412.5,0.015473887814313346,0.04838709677419355
11000,24,4.5,30,0.25,101.25,0.0019342359767891683,0.05846774193548387
11000,77,13.0,30,0.0,390.0,0.00851063829787234,0.05846774193548387
11001,7,30.0,60,0.0,1800.0,0.021663442940038684,0.11895161290322581
11001,22,21.0,25,0.0,525.0,0.014700193423597678,0.04838709677419355
11001,46,12.0,25,0.0,300.0,0.007736943907156673,0.04838709677419355
11001,55,24.0,6,0.0,144.0,0.01702127659574468,0.010080645161290322
11002,13,6.0,56,0.0,336.0,0.003094777562862669,0.11088709677419355
11002,35,18.0,15,0.15,229.5,0.012379110251450677,0.028225806451612902
11002,42,14.0,24,0.15,285.59999999999997,0.009284332688588007,0.046370967741935484
11002,55,24.0,40,0.0,960.0,0.01702127659574468,0.07862903225806452
11003,1,18.0,4,0.0,72.0,0.012379110251450677,0.006048387096774193
11003,40,18.4,10,0.0,184.0,0.012688588007736944,0.018145161290322582
11003,52,7.0,10,0.0,70.0,0.0038684719535783366,0.018145161290322582
11004,26,31.23,6,0.0,187.38,0.022615087040618955,0.010080645161290322
11004,76,18.0,6,0.0,108.0,0.012379110251450677,0.010080645161290322
11005,1,18.0,2,0.0,36.0,0.012379110251450677,0.0020161290322580645
11005,59,55.0,10,0.0,550.0,0.04100580270793037,0.018145161290322582
11006,1,18.0,8,0.0,144.0,0.012379110251450677,0.014112903225806451
11006,29,123.79,2,0.25,185.685,0.09422823984526113,0.0020161290322580645
11007,8,40.0,30,0.0,1200.0,0.029400386847195356,0.05846774193548387
11007,29,123.79,10,0.0,1237.9,0.09422823984526113,0.018145161290322582
11007,42,14.0,14,0.0,196.0,0.009284332688588007,0.02620967741935484
11008,28,45.6,70,0.05,3032.3999999999996,0.0337330754352031,0.13911290322580644
11008,34,14.0,90,0.05,1197.0,0.009284332688588007,0.17943548387096775
11008,71,21.5,21,0.0,451.5,0.015087040618955513,0.04032258064516129
11009,24,4.5,12,0.0,54.0,0.0019342359767891683,0.02217741935483871
11009,36,19.0,18,0.25,256.5,0.013152804642166345,0.034274193548387094
11009,60,34.0,9,0.0,306.0,0.024758220502901353,0.016129032258064516
11010,7,30.0,20,0.0,600.0,0.021663442940038684,0.038306451612903226
11010,24,4.5,10,0.0,45.0,0.0019342359767891683,0.018145161290322582
11011,58,13.25,40,0.05,503.5,0.008704061895551257,0.07862903225806452
11011,71,21.5,20,0.0,430.0,0.015087040618955513,0.038306451612903226
11012,19,9.2,50,0.05,436.99999999999994,0.0055705996131528044,0.09879032258064516
11012,60,34.0,36,0.05,1162.8,0.024758220502901353,0.07056451612903226
11012,71,21.5,60,0.05,1225.5,0.015087040618955513,0.11895161290322581
11013,23,9.0,10,0.0,90.0,0.005415860735009671,0.018145161290322582
11013,42,14.0,4,0.0,56.0,0.009284332688588007,0.006048387096774193
11013,45,9.5,20,0.0,190.0,0.005802707930367505,0.038306451612903226
11013,68,12.5,2,0.0,25.0,0.008123791102514507,0.0020161290322580645
11015,30,25.89,15,0.0,388.35,0.01848355899419729,0.028225806451612902
11015,77,13.0,18,0.0,234.0,0.00851063829787234,0.034274193548387094
11016,31,12.5,15,0.0,187.5,0.008123791102514507,0.028225806451612902
11016,36,19.0,16,0.0,304.0,0.013152804642166345,0.03024193548387097
11017,3,10.0,25,0.0,250.0,0.006189555125725338,0.04838709677419355
11017,59,55.0,110,0.0,6050.0,0.04100580270793037,0.21975806451612903
11017,70,15.0,30,0.0,450.0,0.010058027079303675,0.05846774193548387
11018,12,38.0,20,0.0,760.0,0.027852998065764023,0.038306451612903226
11018,18,62.5,10,0.0,625.0,0.04680851063829787,0.018145161290322582
11018,56,38.0,5,0.0,190.0,0.027852998065764023,0.008064516129032258
11019,46,12.0,3,0.0,36.0,0.007736943907156673,0.004032258064516129
11019,49,20.0,2,0.0,40.0,0.013926499032882012,0.0020161290322580645
11020,10,31.0,24,0.15,632.4,0.02243713733075435,0.046370967741935484
11021,2,19.0,11,0.25,156.75,0.013152804642166345,0.020161290322580645
11021,20,81.0,15,0.0,1215.0,0.06112185686653772,0.028225806451612902
11021,26,31.23,63,0.0,1967.49,0.022615087040618955,0.125
11021,51,53.0,44,0.25,1749.0,0.039458413926499035,0.08669354838709678
11021,72,34.8,35,0.0,1218.0,0.025377176015473887,0.06854838709677419
11022,19,9.2,35,0.0,322.0,0.0055705996131528044,0.06854838709677419
11022,69,36.0,30,0.0,1080.0,0.02630560928433269,0.05846774193548387
11023,7,30.0,4,0.0,120.0,0.021663442940038684,0.006048387096774193
11023,43,46.0,30,0.0,1380.0,0.03404255319148936,0.05846774193548387
11024,26,31.23,12,0.0,374.76,0.022615087040618955,0.02217741935483871
11024,33,2.5,30,0.0,75.0,0.00038684719535783365,0.05846774193548387
11024,65,21.05,21,0.0,442.05,0.014738878143133462,0.04032258064516129
11024,71,21.5,50,0.0,1075.0,0.015087040618955513,0.09879032258064516
11025,1,18.0,10,0.1,162.0,0.012379110251450677,0.018145161290322582
11025,13,6.0,20,0.1,108.0,0.003094777562862669,0.038306451612903226
11026,18,62.5,8,0.0,500.0,0.04680851063829787,0.014112903225806451
11026,51,53.0,10,0.0,530.0,0.039458413926499035,0.018145161290322582
11027,24,4.5,30,0.25,101.25,0.0019342359767891683,0.05846774193548387
11027,62,49.3,21,0.25,776.4749999999999,0.03659574468085106,0.04032258064516129
11028,55,24.0,35,0.0,840.0,0.01702127659574468,0.06854838709677419
11028,59,55.0,24,0.0,1320.0,0.04100580270793037,0.046370967741935484
11029,56,38.0,20,0.0,760.0,0.027852998065764023,0.038306451612903226
11029,63,43.9,12,0.0,526.8,0.03241779497098646,0.02217741935483871
11030,2,19.0,100,0.25,1425.0,0.013152804642166345,0.19959677419354838
11030,5,21.35,70,0.0,1494.5,0.014970986460348163,0.13911290322580644
11030,29,123.79,60,0.25,5570.55,0.09422823984526113,0.11895161290322581
11030,59,55.0,100,0.25,4125.0,0.04100580270793037,0.19959677419354838
11031,1,18.0,45,0.0,810.0,0.012379110251450677,0.08870967741935484
11031,13,6.0,80,0.0,480.0,0.003094777562862669,0.1592741935483871
11031,24,4.5,21,0.0,94.5,0.0019342359767891683,0.04032258064516129
11031,64,33.25,20,0.0,665.0,0.024177949709864602,0.038306451612903226
11031,71,21.5,16,0.0,344.0,0.015087040618955513,0.03024193548387097
11032,36,19.0,35,0.0,665.0,0.013152804642166345,0.06854838709677419
11032,38,263.5,25,0.0,6587.5,0.202321083172147,0.04838709677419355
11032,59,55.0,30,0.0,1650.0,0.04100580270793037,0.05846774193548387
11033,53,32.8,70,0.1,2066.4,0.02382978723404255,0.13911290322580644
11033,69,36.0,36,0.1,1166.4,0.02630560928433269,0.07056451612903226
11034,21,10.0,15,0.1,135.0,0.006189555125725338,0.028225806451612902
11034,44,19.45,12,0.0,233.39999999999998,0.013500967117988394,0.02217741935483871
11034,61,28.5,6,0.0,171.0,0.020502901353965184,0.010080645161290322
11035,1,18.0,10,0.0,180.0,0.012379110251450677,0.018145161290322582
11035,35,18.0,60,0.0,1080.0,0.012379110251450677,0.11895161290322581
11035,42,14.0,30,0.0,420.0,0.009284332688588007,0.05846774193548387
11035,54,7.45,10,0.0,74.5,0.004216634429400387,0.018145161290322582
11036,13,6.0,7,0.0,42.0,0.003094777562862669,0.012096774193548387
11036,59,55.0,30,0.0,1650.0,0.04100580270793037,0.05846774193548387
11037,70,15.0,4,0.0,60.0,0.010058027079303675,0.006048387096774193
11038,40,18.4,5,0.2,73.60000000000001,0.012688588007736944,0.008064516129032258
11038,52,7.0,2,0.0,14.0,0.0038684719535783366,0.0020161290322580645
11038,71,21.5,30,0.0,645.0,0.015087040618955513,0.05846774193548387
11039,28,45.6,20,0.0,912.0,0.0337330754352031,0.038306451612903226
11039,35,18.0,24,0.0,432.0,0.012379110251450677,0.046370967741935484
11039,49,20.0,60,0.0,1200.0,0.013926499032882012,0.11895161290322581
11039,57,19.5,28,0.0,546.0,0.013539651837524178,0.05443548387096774
11040,21,10.0,20,0.0,200.0,0.006189555125725338,0.038306451612903226
11041,2,19.0,30,0.2,456.0,0.013152804642166345,0.05846774193548387
11041,63,43.9,30,0.0,1317.0,0.03241779497098646,0.05846774193548387
11042,44,19.45,15,0.0,291.75,0.013500967117988394,0.028225806451612902
11042,61,28.5,4,0.0,114.0,0.020502901353965184,0.006048387096774193
11043,11,21.0,10,0.0,210.0,0.014700193423597678,0.018145161290322582
11044,62,49.3,12,0.0,591.5999999999999,0.03659574468085106,0.02217741935483871
11045,33,2.5,15,0.0,37.5,0.00038684719535783365,0.028225806451612902
11045,51,53.0,24,0.0,1272.0,0.039458413926499035,0.046370967741935484
11046,12,38.0,20,0.05,722.0,0.027852998065764023,0.038306451612903226
11046,32,32.0,15,0.05,456.0,0.02321083172147002,0.028225806451612902
11046,35,18.0,18,0.05,307.8,0.012379110251450677,0.034274193548387094
11047,1,18.0,25,0.25,337.5,0.012379110251450677,0.04838709677419355
11047,5,21.35,30,0.25,480.375,0.014970986460348163,0.05846774193548387
11048,68,12.5,42,0.0,525.0,0.008123791102514507,0.08266129032258064
11049,2,19.0,10,0.2,152.0,0.013152804642166345,0.018145161290322582
11049,12,38.0,4,0.2,121.60000000000001,0.027852998065764023,0.006048387096774193
11050,76,18.0,50,0.1,810.0,0.012379110251450677,0.09879032258064516
11051,24,4.5,10,0.2,36.0,0.0019342359767891683,0.018145161290322582
11052,43,46.0,30,0.2,1104.0,0.03404255319148936,0.05846774193548387
11052,61,28.5,10,0.2,228.0,0.020502901353965184,0.018145161290322582
11053,18,62.5,35,0.2,1750.0,0.04680851063829787,0.06854838709677419
11053,32,32.0,20,0.0,640.0,0.02321083172147002,0.038306451612903226
11053,64,33.25,25,0.2,665.0,0.024177949709864602,0.04838709677419355
11054,33,2.5,10,0.0,25.0,0.00038684719535783365,0.018145161290322582
11054,67,14.0,20,0.0,280.0,0.009284332688588007,0.038306451612903226
11055,24,4.5,15,0.0,67.5,0.0019342359767891683,0.028225806451612902
11055,25,14.0,15,0.0,210.0,0.009284332688588007,0.028225806451612902
11055,51,53.0,20,0.0,1060.0,0.039458413926499035,0.038306451612903226
11055,57,19.5,20,0.0,390.0,0.013539651837524178,0.038306451612903226
11056,7,30.0,40,0.0,1200.0,0.021663442940038684,0.07862903225806452
11056,55,24.0,35,0.0,840.0,0.01702127659574468,0.06854838709677419
11056,60,34.0,50,0.0,1700.0,0.024758220502901353,0.09879032258064516
11057,70,15.0,3,0.0,45.0,0.010058027079303675,0.004032258064516129
11058,21,10.0,3,0.0,30.0,0.006189555125725338,0.004032258064516129
11058,60,34.0,21,0.0,714.0,0.024758220502901353,0.04032258064516129
11058,61,28.5,4,0.0,114.0,0.020502901353965184,0.006048387096774193
11059,13,6.0,30,0.0,180.0,0.003094777562862669,0.05846774193548387
11059,17,39.0,12,0.0,468.0,0.02862669245647969,0.02217741935483871
11059,60,34.0,35,0.0,1190.0,0.024758220502901353,0.06854838709677419
11060,60,34.0,4,0.0,136.0,0.024758220502901353,0.006048387096774193
11060,77,13.0,10,0.0,130.0,0.00851063829787234,0.018145161290322582
11061,60,34.0,15,0.0,510.0,0.024758220502901353,0.028225806451612902
11062,53,32.8,10,0.2,262.40000000000003,0.02382978723404255,0.018145161290322582
11062,70,15.0,12,0.2,144.0,0.010058027079303675,0.02217741935483871
11063,34,14.0,30,0.0,420.0,0.009284332688588007,0.05846774193548387
11063,40,18.4,40,0.1,662.4,0.012688588007736944,0.07862903225806452
11063,41,9.65,30,0.1,260.55,0.005918762088974855,0.05846774193548387
11064,17,39.0,77,0.1,2702.7000000000003,0.02862669245647969,0.1532258064516129
11064,41,9.65,12,0.0,115.80000000000001,0.005918762088974855,0.02217741935483871
11064,53,32.8,25,0.1,737.9999999999999,0.02382978723404255,0.04838709677419355
11064,55,24.0,4,0.1,86.4,0.01702127659574468,0.006048387096774193
11064,68,12.5,55,0.0,687.5,0.008123791102514507,0.10887096774193548
11065,30,25.89,4,0.25,77.67,0.01848355899419729,0.006048387096774193
11065,54,7.45,20,0.25,111.75,0.004216634429400387,0.038306451612903226
11066,16,17.45,3,0.0,52.349999999999994,0.01195357833655706,0.004032258064516129
11066,19,9.2,42,0.0,386.4,0.0055705996131528044,0.08266129032258064
11066,34,14.0,35,0.0,490.0,0.009284332688588007,0.06854838709677419
11067,41,9.65,9,0.0,86.85000000000001,0.005918762088974855,0.016129032258064516
11068,28,45.6,8,0.15,310.08,0.0337330754352031,0.014112903225806451
11068,43,46.0,36,0.15,1407.6,0.03404255319148936,0.07056451612903226
11068,77,13.0,28,0.15,309.4,0.00851063829787234,0.05443548387096774
11069,39,18.0,20,0.0,360.0,0.012379110251450677,0.038306451612903226
11070,1,18.0,40,0.15,612.0,0.012379110251450677,0.07862903225806452
11070,2,19.0,20,0.15,323.0,0.013152804642166345,0.038306451612903226
11070,16,17.45,30,0.15,444.97499999999997,0.01195357833655706,0.05846774193548387
11070,31,12.5,20,0.0,250.0,0.008123791102514507,0.038306451612903226
11071,7,30.0,15,0.05,427.5,0.021663442940038684,0.028225806451612902
11071,13,6.0,10,0.05,57.0,0.003094777562862669,0.018145161290322582
11072,2,19.0,8,0.0,152.0,0.013152804642166345,0.014112903225806451
11072,41,9.65,40,0.0,386.0,0.005918762088974855,0.07862903225806452
11072,50,16.25,22,0.0,357.5,0.011025145067698259,0.04233870967741935
11072,64,33.25,130,0.0,4322.5,0.024177949709864602,0.2600806451612903
11073,11,21.0,10,0.0,210.0,0.014700193423597678,0.018145161290322582
11073,24,4.5,20,0.0,90.0,0.0019342359767891683,0.038306451612903226
11074,16,17.45,14,0.05,232.08499999999998,0.01195357833655706,0.02620967741935484
11075,2,19.0,10,0.15,161.5,0.013152804642166345,0.018145161290322582
11075,46,12.0,30,0.15,306.0,0.007736943907156673,0.05846774193548387
11075,76,18.0,2,0.15,30.599999999999998,0.012379110251450677,0.0020161290322580645
11076,6,25.0,20,0.25,375.0,0.017794970986460348,0.038306451612903226
11076,14,23.25,20,0.25,348.75,0.01644100580270793,0.038306451612903226
11076,19,9.2,10,0.25,69.0,0.0055705996131528044,0.018145161290322582
11077,2,19.0,24,0.2,364.8,0.013152804642166345,0.046370967741935484
11077,3,10.0,20,0.0,200.0,0.006189555125725338,0.038306451612903226
11077,4,22.0,1,0.0,22.0,0.015473887814313346,0.0
11077,6,25.0,1,0.02,24.5,0.017794970986460348,0.0
11077,7,30.0,1,0.05,28.5,0.021663442940038684,0.0
11077,8,40.0,2,0.1,72.0,0.029400386847195356,0.0020161290322580645
11077,10,31.0,1,0.0,31.0,0.02243713733075435,0.0
11077,12,38.0,2,0.05,72.2,0.027852998065764023,0.0020161290322580645
11077,13,6.0,4,0.0,24.0,0.003094777562862669,0.006048387096774193
11077,14,23.25,1,0.03,22.5525,0.01644100580270793,0.0
11077,16,17.45,2,0.03,33.852999999999994,0.01195357833655706,0.0020161290322580645
11077,20,81.0,1,0.04,77.75999999999999,0.06112185686653772,0.0
11077,23,9.0,2,0.0,18.0,0.005415860735009671,0.0020161290322580645
11077,32,32.0,1,0.0,32.0,0.02321083172147002,0.0
11077,39,18.0,2,0.05,34.199999999999996,0.012379110251450677,0.0020161290322580645
11077,41,9.65,3,0.0,28.950000000000003,0.005918762088974855,0.004032258064516129
11077,46,12.0,3,0.02,35.28,0.007736943907156673,0.004032258064516129
11077,52,7.0,2,0.0,14.0,0.0038684719535783366,0.0020161290322580645
11077,55,24.0,2,0.0,48.0,0.01702127659574468,0.0020161290322580645
11077,60,34.0,2,0.06,63.919999999999995,0.024758220502901353,0.0020161290322580645
11077,64,33.25,2,0.03,64.505,0.024177949709864602,0.0020161290322580645
11077,66,17.0,1,0.0,17.0,0.01160541586073501,0.0
11077,73,15.0,2,0.01,29.7,0.010058027079303675,0.0020161290322580645
11077,75,7.75,4,0.0,31.0,0.004448742746615087,0.006048387096774193
11077,77,13.0,2,0.0,26.0,0.00851063829787234,0.0020161290322580645
10544,67,14.0,328,0.0,4592.0,0.009284332688588007,0.6592741935483871
