OrderID,CustomerID,EmployeeID,OrderDate,RequiredDate,ShippedDate,ShipVia,Freight,ShipName,ShipAddress,ShipCity,ShipRegion,ShipPostalCode,ShipCountry
10248,VINET,5,04.07.1996,1996-08-01 00:00:00,1996-07-16 00:00:00,3,32.38,VINS ET ALCOOLS CHEVALIER,59 rue de l'Abbaye,Reims,,51100,France
10249,TOMSP,6,1996-07-05 00:00:00.000,1996/08/16,1996-07-10 00:00:00.000,1,11.61,TOMS SPEZIALITÄTEN,  Luisenstr. 48  ,Münster,,44087,Germany
10250,HANAR,4,1996-07-08 00:00:00.000,05-08-1996,1996-07-12 00:00:00.000,2,65.83,Hanari Carnes,"rua do paço, 67",Rio de Janeiro,RJ,05454-876,Brazil
10251,VICTE,3,08.07.1996,1996-08-05 00:00:00.000,1996/07/15,1,41.34,VICTUAILLES EN STOCK,"2, rue du Commerce",Lyon,,69004,France
10252,SUPRD,4,1996-07-09 00:00:00.000,06.08.1996,1996-07-11 00:00:00.000,2,51.3,Suprêmes délices,"Boulevard  Tirou,  255",Charleroi,,B-6000,Belgium
10253,HANAR,3,10.07.1996,1996/07/24,1996-07-16 00:00:00.000,2,58.17,Hanari  Carnes,"Rua do Paço, 67",Rio  de  Janeiro,RJ,05454-876,Brazil
10254,CHOPS,5,1996/07/11,1996/08/08,23.07.1996,2,22.98,Chop-suey  Chinese,  Hauptstr. 31  ,BERN,,3012,Switzerland
10255,RICSU,9,1996-07-12 00:00:00.000,1996-08-09 00:00:00.000,15.07.1996,3,148.33,Richter  Supermarkt,Starenweg  5,Genève,,1204,Switzerland
10256,WELLI,3,1996-07-15 00:00:00.000,12.08.1996,1996-07-17 00:00:00.000,2,13.97,Wellington  Importadora,"Rua do Mercado, 12",Resende,SP,08737-363,Brazil
10257,HILAA,4,1996-07-16 00:00:00.000,08/13/1996,1996-07-22 00:00:00,3,81.91,HILARION-ABASTOS,Carrera 22 con Ave. Carlos Soublette #8-35,San Cristóbal,Táchira,5022,Venezuela
10258,ERNSH,1,1996-07-17 00:00:00.000,1996-08-14 00:00:00,1996-07-23 00:00:00.000,1,140.51,ernst handel,KIRCHGASSE  6,Graz,,8010,Austria
10259,CENTC,4,1996-07-18 00:00:00,1996-08-15 00:00:00.000,1996-07-25 00:00:00.000,3,3.25,Centro comercial Moctezuma,Sierras de Granada 9993,méxico d.f.,,05022,Mexico
10260,OTTIK,4,1996-07-19 00:00:00.000,1996-08-16 00:00:00.000,1996-07-29 00:00:00.000,1,55.09,Ottilies Käseladen,Mehrheimerstr. 369,köln,,50739,Germany
10261,QUEDE,4,1996-07-19 00:00:00,1996-08-16 00:00:00.000,1996-07-30 00:00:00.000,2,3.05,  Que Delícia  ,"  Rua da Panificadora, 12  ",RIO DE JANEIRO,RJ,02389-673,Brazil
10262,RATTC,8,1996/07/22,08/19/1996,1996-07-25 00:00:00.000,3,48.29,Rattlesnake Canyon Grocery,2817 Milton Dr.,albuquerque,NM,87110,USA
10263,ERNSH,9,07/23/1996,1996-08-20 00:00:00.000,1996-07-31 00:00:00.000,3,146.06,  Ernst Handel  ,Kirchgasse 6,Graz,,8010,Austria
10264,FOLKO,6,1996-07-24 00:00:00.000,1996-08-21 00:00:00.000,1996-08-23 00:00:00,3,3.67,Folk och fä HB,Åkergatan 24,Bräcke,,S-844 67,Sweden
10265,BLONP,2,25-07-1996,22-08-1996,1996-08-12 00:00:00,1,55.28,Blondel père et fils,"24, place Kléber",Strasbourg,,67000,France
10266,WARTH,3,1996-07-26 00:00:00.000,1996-09-06 00:00:00.000,1996/07/31,3,25.73,Wartian Herkku,Torikatu 38,OULU,,90110,Finland
10267,FRANK,4,2026-01-01 00:00:00.000,1996-08-26 00:00:00.000,08/06/1996,1,208.58,  Frankenversand  ,BERLINER PLATZ 43,München,,80805,Germany
10268,GROSR,8,1996-07-30 00:00:00.000,1996-08-27 00:00:00,02.08.1996,3,66.29,GROSELLA-Restaurante,5ª Ave. Los Palos Grandes,Caracas,DF,1081,Venezuela
10269,WHITC,5,1996/07/31,1996-08-14 00:00:00.000,1996-08-09 00:00:00.000,1,4.56,White Clover Markets,1029 - 12th Ave. S.,  seattle  ,WA,98124,USA
10270,WARTH,1,1996-08-01 00:00:00.000,1996-08-29 00:00:00.000,1996-08-02 00:00:00.000,1,136.54,Wartian Herkku,Torikatu 38,Oulu,,90110,Finland
10271,SPLIR,6,01-08-1996,08/29/1996,1996-08-30 00:00:00.000,2,4.54,Split Rail Beer & Ale,P.O. Box 555,Lander,WY,82520,USA
10272,RATTC,6,1996-08-02 00:00:00.000,1996-08-30 00:00:00.000,1996-08-06 00:00:00.000,2,98.03,  Rattlesnake Canyon Grocery  ,  2817 Milton Dr.  ,  Albuquerque  ,NM,87110,USA
10273,QUICK,3,1996-08-05 00:00:00.000,1996/09/02,1996-08-12 00:00:00.000,3,76.07,QUICK-Stop,Taucherstraße 10,  cunewalde  ,,01307,Germany
10274,VINET,6,1996-08-06 00:00:00.000,1996-09-03 00:00:00.000,16.08.1996,1,6.01,VINS ET ALCOOLS CHEVALIER,59 RUE DE L'ABBAYE,Reims,,51100,France
10275,MAGAA,1,1996/08/07,04.09.1996,1996-08-09 00:00:00.000,1,26.93,magazzini alimentari riuniti,via ludovico il moro 22,  Bergamo  ,,24100,Italy
10276,TORTU,8,1996-08-08 00:00:00,22.08.1996,1996-08-14 00:00:00.000,3,13.84,TORTUGA RESTAURANTE,  Avda. Azteca 123  ,MÉXICO D.F.,,05033,Mexico
10277,MORGK,2,1996-08-09 00:00:00.000,1996-09-06 00:00:00,nan,3,125.77,  Morgenstern Gesundkost  ,Heerstr. 22,Leipzig,,04179,Germany
10278,BERGS,8,1996-08-12 00:00:00.000,1996-09-09 00:00:00.000,1996-08-16 00:00:00,2,92.69,Berglunds snabbköp,Berguvsvägen    8,LULEÅ,,S-958 22,Sweden
10279,LEHMS,8,1996-08-13 00:00:00.000,09/10/1996,16.08.1996,2,25.83,lehmanns marktstand,Magazinweg 7,Frankfurt a.M.,,60528,Germany
10280,BERGS,2,1996-08-14 00:00:00.000,1996-09-11 00:00:00.000,1996-09-12 00:00:00.000,1,8.98,BERGLUNDS SNABBKÖP,Berguvsvägen  8,luleå,,S-958 22,Sweden
10281,ROMEY,4,14.08.1996,1996-08-28 00:00:00,1996-08-21 00:00:00.000,1,2.94,  Romero y tomillo  ,"Gran Vía, 1",MADRID,,28001,Spain
10282,ROMEY,4,1996-08-15 00:00:00.000,1996-09-12 00:00:00.000,21-08-1996,1,12.69,  Romero y tomillo  ,"Gran Vía, 1",MADRID,,28001,Spain
10283,LILAS,3,1996-08-16 00:00:00,09/13/1996,1996-08-23 00:00:00.000,3,84.81,LILA-Supermercado,CARRERA 52 CON AVE. BOLÍVAR #65-98 LLANO LARGO,Barquisimeto,Lara,,Venezuela
10284,LEHMS,4,1996/08/19,16-09-1996,1996-08-27 00:00:00,1,76.56,LEHMANNS MARKTSTAND,Magazinweg 7,  Frankfurt a.M.  ,,60528,Germany
10285,QUICK,1,20.08.1996,1996-09-17 00:00:00.000,1996-08-26 00:00:00.000,2,76.83,  QUICK-Stop  ,Taucherstraße 10,cunewalde,,01307,Germany
10286,QUICK,8,08/21/1996,1996-09-18 00:00:00.000,1996-08-30 00:00:00,3,229.24,QUICK-Stop,taucherstraße 10,cunewalde,,01307,Germany
10287,RICAR,8,1996-08-22 00:00:00.000,19.09.1996,08/28/1996,3,12.76,Ricardo Adocicados,"av. copacabana, 267",Rio de Janeiro,RJ,02389-890,Brazil
10288,REGGC,4,1996-08-23 00:00:00.000,1996-09-20 00:00:00,1996-09-03 00:00:00.000,1,7.45,Reggiani Caseifici,Strada Provinciale 124,REGGIO EMILIA,,42100,Italy
10289,BSBEV,7,1996-08-26 00:00:00.000,1996-09-23 00:00:00.000,28-08-1996,3,22.77,b's beverages,  Fauntleroy Circus  ,London,,EC2 5NT,UK
10290,COMMI,8,1996-08-27 00:00:00.000,1996-09-24 00:00:00.000,1996-09-03 00:00:00.000,1,79.7,Comércio Mineiro,"av. dos lusíadas, 23",Sao Paulo,SP,05432-043,Brazil
10291,QUEDE,6,1996-08-27 00:00:00.000,1996-09-24 00:00:00.000,04-09-1996,2,6.4,Que  Delícia,"Rua da Panificadora, 12",  rio de janeiro  ,RJ,02389-673,Brazil
10292,TRADH,1,1996-08-28 00:00:00.000,1996/09/25,1996-09-02 00:00:00,2,1.35,TRADIÇAO  HIPERMERCADOS,"Av. Inês de Castro, 414",Sao Paulo,SP,05634-030,Brazil
10293,TORTU,1,1996-08-29 00:00:00.000,1996-09-26 00:00:00.000,1996-09-11 00:00:00.000,3,21.18,Tortuga  Restaurante,  Avda. Azteca 123  ,  México D.F.  ,,05033,Mexico
10294,RATTC,4,08/30/1996,27.09.1996,1996-09-05 00:00:00,2,147.26,Rattlesnake  Canyon  Grocery,2817 Milton Dr.,ALBUQUERQUE,NM,87110,USA
10295,VINET,2,09/02/1996,1996-09-30 00:00:00.000,1996/09/10,2,1.15,VINS  ET  ALCOOLS  CHEVALIER,59 rue de l'Abbaye,Reims,,51100,France
10296,LILAS,6,1996-09-03 00:00:00.000,1996-10-01 00:00:00.000,1996-09-11 00:00:00.000,1,0.12,  LILA-Supermercado  ,Carrera 52 con Ave. Bolívar #65-98 Llano Largo,Barquisimeto,Lara,3508,Venezuela
10297,BLONP,5,09/04/1996,16-10-1996,1996-09-10 00:00:00.000,2,5.74,Blondel père et fils,"24, place Kléber",Strasbourg,,67000,France
10298,HUNGO,6,05-09-1996,1996-10-03 00:00:00.000,1996-09-11 00:00:00,2,168.22,  Hungry Owl All-Night Grocers  ,8 Johnstown Road,cork,Co. Cork,,Ireland
10299,RICAR,4,1996-09-06 00:00:00.000,04.10.1996,13.09.1996,2,29.76,Ricardo  Adocicados,"Av.  Copacabana,  267",Rio de Janeiro,RJ,02389-890,Brazil
10300,MAGAA,2,1996-09-09 00:00:00.000,1996-10-07 00:00:00,1996-09-18 00:00:00.000,2,17.68,magazzini  alimentari  riuniti,via ludovico il moro 22,BERGAMO,,24100,Italy
10301,WANDK,8,09-09-1996,1996-10-07 00:00:00.000,1996-09-17 00:00:00.000,2,45.08,Die Wandernde Kuh,Adenauerallee 900,stuttgart,,70563,Germany
10302,SUPRD,4,1996-09-10 00:00:00.000,1996-10-08 00:00:00,1996-10-09 00:00:00.000,2,6.27,Suprêmes délices,"BOULEVARD TIROU, 255",Charleroi,,B-6000,Belgium
10303,GODOS,7,1996-09-11 00:00:00.000,1996/10/09,1996-09-18 00:00:00.000,2,107.83,Godos Cocina Típica,"C/  Romero,  33",Sevilla,,41101,Spain
10304,TORTU,1,12.09.1996,10.10.1996,1996-09-17 00:00:00.000,2,63.79,tortuga restaurante,Avda.  Azteca  123,México D.F.,,05033,Mexico
10305,OLDWO,8,1996-09-13 00:00:00,1996-10-11 00:00:00.000,1996-10-09 00:00:00.000,3,257.62,Old World Delicatessen,2743 Bering St.,ANCHORAGE,AK,99508,USA
10306,ROMEY,1,16-09-1996,1996-10-14 00:00:00.000,1996-09-23 00:00:00.000,3,7.56,Romero y tomillo,"Gran Vía, 1",MADRID,,28001,Spain
10307,LONEP,2,09/17/1996,1996-10-15 00:00:00.000,1996-09-25 00:00:00.000,2,0.56,Lonesome  Pine  Restaurant,89 Chiaroscuro Rd.,Portland,OR,97219,USA
10308,ANATR,7,1996-09-18 00:00:00.000,10/16/1996,09/24/1996,3,1.61,Ana Trujillo Emparedados y helados,Avda.  de  la  Constitución  2222,México D.F.,,05021,Mexico
10309,HUNGO,3,1996-09-19 00:00:00.000,17.10.1996,1996/10/23,1,47.3,  Hungry Owl All-Night Grocers  ,  8 Johnstown Road  ,Cork,Co. Cork,,Ireland
10310,THEBI,8,1996/09/20,1996-10-18 00:00:00.000,1996-09-27 00:00:00.000,2,17.52,The  Big  Cheese,89 JEFFERSON WAY SUITE 2,portland,OR,97201,USA
10311,DUMON,1,20.09.1996,1996/10/04,1996-09-26 00:00:00.000,3,24.69,  Du monde entier  ,"67,  RUE  DES  CINQUANTE  OTAGES",Nantes,,44000,France
10312,WANDK,2,1996/09/23,10/21/1996,03.10.1996,2,40.26,Die Wandernde Kuh,Adenauerallee 900,STUTTGART,,70563,Germany
10313,QUICK,2,1996-09-24 00:00:00,1996/10/22,1996-10-04 00:00:00.000,2,1.96,QUICK-STOP,Taucherstraße  10,Cunewalde,,01307,Germany
10314,RATTC,1,1996-09-25 00:00:00,23-10-1996,1996-10-04 00:00:00.000,2,74.16,rattlesnake canyon grocery,  2817 milton dr.  ,Albuquerque,NM,87110,USA
10315,ISLAT,4,26-09-1996,10/24/1996,1996-10-03 00:00:00,2,41.76,ISLAND TRADING,Garden House Crowther Way,cowes,Isle of Wight,PO31 7PJ,UK
10316,RATTC,1,1996-09-27 00:00:00.000,25-10-1996,nan,3,150.15,  Rattlesnake Canyon Grocery  ,2817 MILTON DR.,Albuquerque,NM,87110,USA
10317,LONEP,6,1996-09-30 00:00:00,1996-10-28 00:00:00.000,10/10/1996,1,12.69,LONESOME  PINE  RESTAURANT,89 Chiaroscuro Rd.,Portland,OR,97219,USA
10318,ISLAT,8,01.10.1996,1996/10/29,1996-10-04 00:00:00.000,2,4.73,Island  Trading,Garden  House  Crowther  Way,Cowes,Isle of Wight,PO31 7PJ,UK
10319,TORTU,7,10/02/1996,1996-10-30 00:00:00,1996-10-11 00:00:00.000,3,64.5,Tortuga Restaurante,Avda.  Azteca  123,México  D.F.,,05033,Mexico
10320,WARTH,5,1996-10-03 00:00:00,10/17/1996,18.10.1996,3,34.57,wartian herkku,Torikatu 38,  oulu  ,,90110,Finland
10321,ISLAT,3,1996-10-03 00:00:00.000,1996/10/31,1996/10/11,2,3.43,Island Trading,GARDEN HOUSE CROWTHER WAY,Cowes,Isle of Wight,PO31 7PJ,UK
10322,PERIC,7,04-10-1996,11/01/1996,23-10-1996,3,0.4,Pericles Comidas clásicas,Calle Dr. Jorge Cash 321,MÉXICO D.F.,,05033,Mexico
10323,KOENE,4,07-10-1996,1996-11-04 00:00:00.000,1996-10-14 00:00:00,1,4.88,KÖNIGLICH ESSEN,  Maubelstr. 90  ,Brandenburg,,14776,Germany
10324,SAVEA,9,1996-10-08 00:00:00.000,1996-11-05 00:00:00.000,10.10.1996,1,214.27,  Save-a-lot Markets  ,187  Suffolk  Ln.,Boise,ID,83720,USA
10325,KOENE,1,1996-10-09 00:00:00.000,23-10-1996,1996/10/14,3,64.86,Königlich Essen,Maubelstr. 90,  BRANDENBURG  ,,14776,Germany
10326,BOLID,4,1996/10/10,1996-11-07 00:00:00.000,1996-10-14 00:00:00.000,2,77.92,Bólido Comidas preparadas,"c/ araquil, 67",madrid,,28023,Spain
10327,FOLKO,2,1996-10-11 00:00:00,1996-11-08 00:00:00.000,1996-10-14 00:00:00,1,63.36,Folk och fä HB,Åkergatan 24,bräcke,,S-844 67,Sweden
10328,FURIB,4,1996-10-14 00:00:00,1996-11-11 00:00:00,1996-10-17 00:00:00.000,3,87.03,Furia  Bacalhau  e  Frutos  do  Mar,JARDIM DAS ROSAS N. 32,Lisboa,,1675,Portugal
10329,SPLIR,4,1996-10-15 00:00:00.000,1996-11-26 00:00:00.000,10/23/1996,2,191.67,  Split Rail Beer & Ale  ,P.O. Box 555,LANDER,WY,82520,USA
10330,LILAS,3,16.10.1996,1996-11-13 00:00:00,1996-10-28 00:00:00,1,12.75,LILA-Supermercado,  Carrera 52 con Ave. Bolívar #65-98 Llano Largo  ,  Barquisimeto  ,Lara,3508,Venezuela
10331,BONAP,9,1996-10-16 00:00:00.000,1996-11-27 00:00:00.000,21.10.1996,1,10.19,Bon  app',"12, rue des Bouchers",Marseille,,13008,France
10332,MEREP,3,1996-10-17 00:00:00.000,1996-11-28 00:00:00,1996-10-21 00:00:00,2,52.84,  mère paillarde  ,43 RUE ST. LAURENT,Montréal,Québec,H1J 1C3,Canada
10333,WARTH,5,1996/10/18,15.11.1996,25.10.1996,3,0.59,Wartian Herkku,Torikatu 38,oulu,,90110,Finland
10334,VICTE,8,1996-10-21 00:00:00,1996-11-18 00:00:00.000,1996-10-28 00:00:00.000,2,8.56,Victuailles en stock,"  2, RUE DU COMMERCE  ",Lyon,,69004,France
10335,HUNGO,7,1996-10-22 00:00:00.000,1996-11-19 00:00:00,1996-10-24 00:00:00,2,42.11,  Hungry Owl All-Night Grocers  ,8 Johnstown Road,Cork,Co. Cork,,Ireland
10336,PRINI,7,1996-10-23 00:00:00.000,20-11-1996,1996/10/25,2,15.51,  Princesa Isabel Vinhos  ,Estrada  da  saúde  n.  58,  LISBOA  ,,1756,Portugal
10337,FRANK,4,1996-10-24 00:00:00.000,1996/11/21,1996-10-29 00:00:00.000,3,108.26,FRANKENVERSAND,Berliner  Platz  43,München,,80805,Germany
10338,OLDWO,4,1996-10-25 00:00:00.000,1996-11-22 00:00:00.000,29.10.1996,3,84.21,Old World Delicatessen,2743 BERING ST.,  Anchorage  ,AK,99508,USA
10339,MEREP,2,1996-10-28 00:00:00.000,1996-11-25 00:00:00.000,04.11.1996,2,15.66,Mère Paillarde,  43 rue St. Laurent  ,Montréal,Québec,H1J 1C3,Canada
10340,BONAP,1,1996/10/29,1996-11-26 00:00:00.000,1996-11-08 00:00:00.000,3,166.31,Bon app',"12, rue des Bouchers",Marseille,,13008,France
10341,SIMOB,7,10/29/1996,26-11-1996,1996-11-05 00:00:00.000,3,26.78,  simons bistro  ,  vinbæltet 34  ,Kobenhavn,,1734,Denmark
10342,FRANK,4,30.10.1996,11/13/1996,1996-11-04 00:00:00.000,2,54.83,  Frankenversand  ,  Berliner Platz 43  ,München,,80805,Germany
10343,LEHMS,4,10/31/1996,1996-11-28 00:00:00.000,06-11-1996,1,110.37,Lehmanns Marktstand,Magazinweg  7,  Frankfurt a.M.  ,,60528,Germany
10344,WHITC,4,1996/11/01,11/29/1996,05.11.1996,2,23.29,White Clover Markets,1029 - 12TH AVE. S.,  Seattle  ,WA,98124,USA
10345,QUICK,2,04.11.1996,1996-12-02 00:00:00.000,1996-11-11 00:00:00.000,2,249.06,quick-stop,Taucherstraße 10,Cunewalde,,01307,Germany
10346,RATTC,3,1996/11/05,1996-12-17 00:00:00.000,1996-11-08 00:00:00,3,142.08,Rattlesnake Canyon Grocery,2817 milton dr.,Albuquerque,NM,87110,USA
10347,FAMIA,4,11/06/1996,1996-12-04 00:00:00.000,08.11.1996,3,3.1,Familia Arquibaldo,"rua orós, 92",SAO PAULO,SP,05442-030,Brazil
10348,WANDK,4,1996-11-07 00:00:00.000,1996-12-05 00:00:00,1996-11-15 00:00:00.000,2,0.78,Die Wandernde Kuh,Adenauerallee 900,Stuttgart,,70563,Germany
10349,SPLIR,7,08-11-1996,1996-12-06 00:00:00.000,1996-11-15 00:00:00.000,1,8.63,Split Rail Beer & Ale,P.O. Box 555,Lander,WY,82520,USA
10350,LAMAI,6,1996/11/11,1996-12-09 00:00:00.000,12/03/1996,2,64.19,La maison d'Asie,1 rue alsace-lorraine,Toulouse,,31000,France
10351,ERNSH,1,1996-11-11 00:00:00.000,1996-12-09 00:00:00.000,1996-11-20 00:00:00.000,1,162.33,ERNST  HANDEL,Kirchgasse 6,Graz,,8010,Austria
10352,FURIB,3,11/12/1996,26.11.1996,nan,3,1.3,Furia Bacalhau e Frutos do Mar,Jardim das rosas n. 32,Lisboa,,1675,Portugal
10353,PICCO,7,13-11-1996,1996-12-11 00:00:00.000,25.11.1996,3,360.63,Piccolo  und  mehr,Geislweg 14,SALZBURG,,5020,Austria
10354,PERIC,8,14-11-1996,1996-12-12 00:00:00.000,1996-11-20 00:00:00.000,3,53.8,Pericles Comidas clásicas,Calle Dr. Jorge Cash 321,méxico  d.f.,,05033,Mexico
10355,AROUT,6,15-11-1996,13-12-1996,1996-11-20 00:00:00.000,1,41.95,Around the Horn,brook  farm  stratford  st.  mary,  Colchester  ,Essex,CO7 6JX,UK
10356,WANDK,6,1996-11-18 00:00:00.000,16-12-1996,27.11.1996,2,36.71,  Die Wandernde Kuh  ,Adenauerallee 900,Stuttgart,,70563,Germany
10357,LILAS,1,1996-11-19 00:00:00.000,17-12-1996,1996-12-02 00:00:00.000,3,34.88,LILA-Supermercado,CARRERA 52 CON AVE. BOLÍVAR #65-98 LLANO LARGO,Barquisimeto,Lara,3508,Venezuela
10358,LAMAI,5,1996-11-20 00:00:00.000,1996-12-18 00:00:00.000,1996-11-27 00:00:00.000,1,19.64,la maison d'asie,1 rue Alsace-Lorraine,toulouse,,31000,France
10359,SEVES,5,1996-11-21 00:00:00,19-12-1996,1996-11-26 00:00:00.000,3,288.43,SEVEN SEAS IMPORTS,90 Wadhurst Rd.,  London  ,,OX15 4NB,UK
10360,BLONP,4,22.11.1996,1996-12-20 00:00:00.000,1996-12-02 00:00:00.000,3,131.7,Blondel père et fils,"24, place Kléber",  Strasbourg  ,,67000,France
10361,QUICK,1,1996-11-22 00:00:00.000,1996-12-20 00:00:00,03.12.1996,2,183.17,QUICK-Stop,Taucherstraße 10,  Cunewalde  ,,01307,Germany
10362,BONAP,3,25.11.1996,1996-12-23 00:00:00.000,1996-11-28 00:00:00.000,1,96.04,Bon app',"12, rue des Bouchers",Marseille,,13008,France
10363,DRACD,4,1996-11-26 00:00:00.000,1996-12-24 00:00:00.000,1996-12-04 00:00:00.000,3,30.54,drachenblut delikatessen,  walserweg 21  ,AACHEN,,52066,Germany
10364,EASTC,1,1996-11-26 00:00:00.000,1997-01-07 00:00:00.000,1996-12-04 00:00:00.000,1,71.97,EASTERN CONNECTION,35 king george,london,,WX3 6FW,UK
10365,ANTON,3,11/27/1996,1996-12-25 00:00:00.000,02-12-1996,2,22.0,  Antonio Moreno Taquería  ,Mataderos  2312,  México D.F.  ,,05023,Mexico
10366,GALED,8,1996/11/28,1997-01-09 00:00:00.000,1996-12-30 00:00:00.000,2,10.14,Galería del gastronómo,"Rambla  de  Cataluña,  23",  Barcelona  ,,8022,Spain
10367,VAFFE,7,11/28/1996,26-12-1996,1996-12-02 00:00:00.000,3,13.55,Vaffeljernet,  SMAGSLOGET 45  ,Århus,,8200,Denmark
10368,ERNSH,2,1996-11-29 00:00:00.000,1996-12-27 00:00:00,1996/12/02,2,101.95,Ernst  Handel,Kirchgasse  6,Graz,,8010,Austria
10369,SPLIR,8,1996-12-02 00:00:00.000,1996-12-30 00:00:00.000,1996-12-09 00:00:00.000,2,195.68,  Split Rail Beer & Ale  ,  P.O. Box 555  ,  Lander  ,WY,82520,USA
10370,CHOPS,6,1996/12/03,1996-12-31 00:00:00.000,1996-12-27 00:00:00.000,2,1.17,chop-suey  chinese,  hauptstr. 31  ,Bern,,3012,Switzerland
10371,LAMAI,1,1996-12-03 00:00:00,1996-12-31 00:00:00.000,1996-12-24 00:00:00.000,1,0.45,LA MAISON D'ASIE,  1 rue Alsace-Lorraine  ,Toulouse,,31000,France
10372,QUEEN,5,12/04/1996,01-01-1997,1996-12-09 00:00:00.000,2,890.78,Queen  Cozinha,"Alameda dos Canàrios, 891",SAO PAULO,SP,05487-020,Brazil
10373,HUNGO,4,1996-12-05 00:00:00.000,1997-01-02 00:00:00.000,1996-12-11 00:00:00.000,3,124.12,Hungry Owl All-Night Grocers,8 Johnstown Road,Cork,Co. Cork,,Ireland
10374,WOLZA,1,1996/12/05,1997-01-02 00:00:00.000,1996-12-09 00:00:00.000,3,3.94,wolski zajazd,ul. Filtrowa 68,  warszawa  ,,01-012,Poland
10375,HUNGC,3,1996-12-06 00:00:00.000,1997-01-03 00:00:00.000,1996-12-09 00:00:00.000,2,20.12,HUNGRY COYOTE IMPORT STORE,  City Center Plaza 516 Main St.  ,ELGIN,OR,97827,USA
10376,MEREP,1,1996-12-09 00:00:00.000,1997-01-06 00:00:00,1996-12-13 00:00:00.000,2,20.39,  Mère Paillarde  ,43  rue  St.  Laurent,montréal,Québec,H1J 1C3,Canada
10377,SEVES,1,09.12.1996,1997-01-06 00:00:00,1996-12-13 00:00:00.000,3,22.21,  Seven Seas Imports  ,90  wadhurst  rd.,London,,OX15 4NB,UK
10378,FOLKO,5,1996-12-10 00:00:00.000,1997/01/07,1996/12/19,3,5.44,folk och fä hb,  åkergatan 24  ,  Bräcke  ,,S-844 67,Sweden
10379,QUEDE,2,1996-12-11 00:00:00.000,1997-01-08 00:00:00.000,1996-12-13 00:00:00.000,1,45.03,Que Delícia,"Rua da Panificadora, 12",rio de janeiro,RJ,,Brazil
10380,HUNGO,8,12.12.1996,1997-01-09 00:00:00.000,16-01-1997,3,35.03,Hungry Owl All-Night Grocers,  8 Johnstown Road  ,Cork,Co. Cork,,Ireland
10381,LILAS,3,1996-12-12 00:00:00.000,1997/01/09,1996/12/13,3,7.99,LILA-Supermercado,  carrera 52 con ave. bolívar #65-98 llano largo  ,barquisimeto,Lara,3508,Venezuela
10382,ERNSH,4,1996-12-13 00:00:00,10.01.1997,16-12-1996,1,94.77,Ernst Handel,Kirchgasse 6,Graz,,8010,Austria
10383,AROUT,8,1996-12-16 00:00:00.000,1997-01-13 00:00:00,1996-12-18 00:00:00.000,3,34.24,  Around the Horn  ,Brook Farm Stratford St. Mary,  COLCHESTER  ,Essex,CO7 6JX,UK
10384,BERGS,3,1996-12-16 00:00:00.000,1997-01-13 00:00:00.000,1996-12-20 00:00:00.000,3,168.64,Berglunds  snabbköp,  Berguvsvägen  8  ,Luleå,,S-958 22,Sweden
10385,SPLIR,1,12/17/1996,1997-01-14 00:00:00.000,1996/12/23,2,30.96,split  rail  beer  &  ale,P.O. Box 555,Lander,WY,82520,USA
10386,FAMIA,9,1996-12-18 00:00:00.000,01.01.1997,1996-12-25 00:00:00.000,3,13.99,Familia Arquibaldo,"RUA ORÓS, 92",Sao  Paulo,SP,05442-030,Brazil
10387,SANTG,1,18-12-1996,1997/01/15,20.12.1996,2,93.63,Santé Gourmet,Erling Skakkes gate 78,  Stavern  ,,4110,Norway
10388,SEVES,2,1996-12-19 00:00:00,16.01.1997,1996-12-20 00:00:00,1,34.86,  Seven Seas Imports  ,90  Wadhurst  Rd.,LONDON,,OX15 4NB,UK
10389,BOTTM,4,1996-12-20 00:00:00.000,1997-01-17 00:00:00.000,24.12.1996,2,47.42,Bottom-Dollar Markets,23  Tsawassen  Blvd.,tsawassen,BC,T2F 8M4,Canada
10390,ERNSH,6,1996-12-23 00:00:00.000,1997/01/20,1996-12-26 00:00:00.000,1,126.38,  ERNST HANDEL  ,kirchgasse 6,Graz,,8010,Austria
10391,DRACD,3,1996-12-23 00:00:00.000,1997-01-20 00:00:00.000,1996-12-31 00:00:00.000,3,5.45,Drachenblut Delikatessen,Walserweg  21,Aachen,,52066,Germany
10392,PICCO,2,12/24/1996,21-01-1997,1997-01-01 00:00:00.000,3,122.46,PICCOLO UND MEHR,  Geislweg 14  ,  Salzburg  ,,5020,Austria
10393,SAVEA,1,12/25/1996,1997-01-22 00:00:00.000,01/03/1997,3,126.56,Save-a-lot Markets,187 suffolk ln.,Boise,ID,83720,USA
10394,HUNGC,1,1996-12-25 00:00:00.000,22-01-1997,1997-01-03 00:00:00.000,3,30.34,Hungry Coyote Import Store,CITY CENTER PLAZA 516 MAIN ST.,  ELGIN  ,OR,97827,USA
10395,HILAA,6,1997-01-03 00:00:00,1997/01/23,12/26/1996,1,184.41,HILARION-ABASTOS,  Carrera 22 con Ave. Carlos Soublette #8-35  ,San  Cristóbal,Táchira,5022,Venezuela
10396,FRANK,1,1996/12/27,01/10/1997,01/06/1997,3,135.35,  Frankenversand  ,  Berliner Platz 43  ,  München  ,,80805,Germany
10397,PRINI,5,1996-12-27 00:00:00.000,1997-01-24 00:00:00.000,1997-01-02 00:00:00.000,1,60.26,Princesa  Isabel  Vinhos,Estrada da saúde n. 58,  Lisboa  ,,1756,Portugal
10398,SAVEA,2,12/30/1996,1997/01/27,01/09/1997,3,89.16,SAVE-A-LOT MARKETS,187 suffolk ln.,BOISE,ID,,USA
10399,VAFFE,8,1996-12-31 00:00:00.000,1997-01-14 00:00:00.000,1997-01-08 00:00:00,3,27.36,Vaffeljernet,Smagsloget  45,Århus,,8200,Denmark
10400,EASTC,1,1997-01-01 00:00:00.000,29.01.1997,1997-01-16 00:00:00.000,3,83.93,EASTERN CONNECTION,35 King George,London,,WX3 6FW,UK
10401,RATTC,1,1997-01-01 00:00:00.000,1997-01-29 00:00:00.000,nan,1,12.51,Rattlesnake Canyon Grocery,2817  Milton  Dr.,Albuquerque,NM,87110,USA
10402,ERNSH,8,1997-01-02 00:00:00.000,1997-02-13 00:00:00.000,1997-01-10 00:00:00.000,2,67.88,Ernst Handel,KIRCHGASSE 6,Graz,,8010,Austria
10403,ERNSH,4,03.01.1997,1997-01-31 00:00:00.000,1997-01-09 00:00:00.000,3,73.79,Ernst Handel,Kirchgasse 6,Graz,,8010,Austria
10404,MAGAA,2,1997-01-03 00:00:00.000,31.01.1997,1997-01-08 00:00:00.000,1,155.97,MAGAZZINI ALIMENTARI RIUNITI,Via Ludovico il Moro 22,BERGAMO,,24100,Italy
10405,LINOD,1,1997-01-06 00:00:00.000,03-02-1997,1997-01-22 00:00:00.000,1,34.82,LINO-Delicateses,Ave. 5 de Mayo Porlamar,  i. de margarita  ,Nueva Esparta,4980,Venezuela
10406,QUEEN,7,1997-01-07 00:00:00,1997-02-18 00:00:00.000,1997-01-13 00:00:00.000,1,108.04,Queen Cozinha,"Alameda dos Canàrios, 891",Sao Paulo,SP,05487-020,Brazil
10407,OTTIK,2,1997/01/07,1997-02-04 00:00:00.000,1997-01-30 00:00:00.000,2,91.48,Ottilies Käseladen,MEHRHEIMERSTR. 369,köln,,50739,Germany
10408,FOLIG,8,1997-01-08 00:00:00,1997-02-05 00:00:00.000,1997-01-14 00:00:00.000,1,11.26,folies  gourmandes,"184,  chaussée  de  tournai",Lille,,59000,France
10409,OCEAN,3,1997-01-09 00:00:00.000,1997-02-06 00:00:00.000,14-01-1997,1,29.83,Océano Atlántico Ltda.,Ing. Gustavo Moncada 8585 Piso 20-A,Buenos  Aires,,1010,Argentina
10410,BOTTM,3,10-01-1997,1997-02-07 00:00:00.000,1997-01-15 00:00:00.000,3,2.4,Bottom-Dollar Markets,23 tsawassen blvd.,Tsawassen,BC,T2F 8M4,Canada
10411,BOTTM,9,1997-01-10 00:00:00.000,02/07/1997,21-01-1997,3,23.65,Bottom-Dollar Markets,  23 Tsawassen Blvd.  ,  Tsawassen  ,BC,T2F 8M4,Canada
10412,WARTH,8,1997-01-13 00:00:00.000,02/10/1997,1997-01-15 00:00:00.000,2,3.77,WARTIAN HERKKU,Torikatu 38,Oulu,,90110,Finland
10413,LAMAI,3,1997-01-14 00:00:00.000,1997-02-11 00:00:00.000,1997/01/16,2,95.66,  la maison d'asie  ,1 rue Alsace-Lorraine,Toulouse,,31000,France
10414,FAMIA,2,1997-01-14 00:00:00.000,1997-02-11 00:00:00.000,17.01.1997,3,21.48,Familia Arquibaldo,"rua orós, 92",sao paulo,SP,05442-030,Brazil
10415,HUNGC,3,1997-01-15 00:00:00.000,1997-02-12 00:00:00.000,nan,1,0.2,Hungry Coyote Import Store,City  Center  Plaza  516  Main  St.,Elgin,OR,97827,USA
10416,WARTH,8,1997-01-16 00:00:00.000,1997-02-13 00:00:00.000,1997-01-27 00:00:00.000,3,22.72,WARTIAN HERKKU,Torikatu  38,  Oulu  ,,90110,Finland
10417,SIMOB,4,01/16/1997,1997-02-13 00:00:00,01/28/1997,3,70.29,Simons  bistro,Vinbæltet 34,  kobenhavn  ,,1734,Denmark
10418,QUICK,4,01/17/1997,1997-02-14 00:00:00.000,24-01-1997,1,17.55,QUICK-Stop,TAUCHERSTRASSE 10,  Cunewalde  ,,01307,Germany
10419,RICSU,4,20-01-1997,1997-02-17 00:00:00.000,01/30/1997,2,137.35,  Richter Supermarkt  ,  Starenweg 5  ,Genève,,1204,Switzerland
10420,WELLI,3,1997-01-21 00:00:00,1997-02-18 00:00:00.000,1997-01-27 00:00:00.000,1,44.12,Wellington Importadora,"Rua  do  Mercado,  12",resende,SP,08737-363,Brazil
10421,QUEDE,8,21-01-1997,04-03-1997,1997-01-27 00:00:00.000,1,99.23,Que Delícia,"  Rua da Panificadora, 12  ",Rio de Janeiro,RJ,02389-673,Brazil
10422,FRANS,2,01/22/1997,02/19/1997,1997-01-31 00:00:00.000,1,3.02,  Franchi S.p.A.  ,Via Monte Bianco 34,Torino,,10100,Italy
10423,GOURL,6,1997-01-23 00:00:00.000,1997-02-06 00:00:00.000,1997-02-24 00:00:00.000,3,24.5,Gourmet Lanchonetes,"Av. Brasil, 442",Campinas,SP,04876-786,Brazil
10424,MEREP,7,23.01.1997,1997-02-20 00:00:00.000,27.01.1997,2,370.61,Mère Paillarde,  43 rue St. Laurent  ,  Montréal  ,Québec,H1J 1C3,Canada
10425,LAMAI,6,1997-01-24 00:00:00.000,1997-02-21 00:00:00.000,1997-02-14 00:00:00.000,2,7.93,  La maison d'Asie  ,1 rue Alsace-Lorraine,Toulouse,,31000,France
10426,GALED,4,1997-01-27 00:00:00.000,24.02.1997,02/06/1997,1,18.69,Galería  del  gastronómo,"Rambla  de  Cataluña,  23",Barcelona,,8022,Spain
10427,PICCO,4,01/27/1997,1997-02-24 00:00:00.000,1997-03-03 00:00:00.000,2,31.29,Piccolo und mehr,Geislweg 14,Salzburg,,5020,Austria
10428,REGGC,7,1997-01-28 00:00:00.000,1997-02-25 00:00:00.000,1997-02-04 00:00:00.000,1,11.09,Reggiani Caseifici,Strada  Provinciale  124,Reggio Emilia,,42100,Italy
10429,HUNGO,3,1997-01-29 00:00:00.000,1997/03/12,1997-02-07 00:00:00.000,2,56.63,HUNGRY OWL ALL-NIGHT GROCERS,8  johnstown  road,  cork  ,Co. Cork,,Ireland
10430,ERNSH,4,1997-01-30 00:00:00.000,1997-02-13 00:00:00.000,1997-02-03 00:00:00.000,1,458.78,ERNST HANDEL,  Kirchgasse 6  ,Graz,,8010,Austria
10431,BOTTM,4,30-01-1997,1997-02-13 00:00:00.000,07.02.1997,2,44.17,Bottom-Dollar  Markets,23  Tsawassen  Blvd.,Tsawassen,BC,T2F 8M4,Canada
10432,SPLIR,3,1997-01-31 00:00:00.000,14.02.1997,1997-02-07 00:00:00.000,2,4.34,SPLIT  RAIL  BEER  &  ALE,P.O.  Box  555,  Lander  ,WY,82520,USA
10433,PRINI,3,1997-02-03 00:00:00.000,1997-03-03 00:00:00.000,04-03-1997,3,73.83,Princesa Isabel Vinhos,Estrada da saúde n. 58,  LISBOA  ,,1756,Portugal
10434,FOLKO,3,1997-02-03 00:00:00.000,1997-03-03 00:00:00.000,1997-02-13 00:00:00.000,2,17.92,Folk och fä HB,  åkergatan 24  ,  BRÄCKE  ,,S-844 67,Sweden
10435,CONSH,8,1997-02-04 00:00:00,1997-03-18 00:00:00.000,1997-02-07 00:00:00.000,2,9.21,  Consolidated Holdings  ,berkeley gardens 12  brewery,London,,WX1 6LT,UK
10436,BLONP,3,02/05/1997,1997-03-05 00:00:00,02/11/1997,2,156.66,  BLONDEL PÈRE ET FILS  ,"24,  place  Kléber",Strasbourg,,67000,France
10437,WARTH,8,1997-02-05 00:00:00.000,1997/03/05,12.02.1997,1,19.97,Wartian Herkku,TORIKATU 38,Oulu,,90110,Finland
10438,TOMSP,3,1997-02-06 00:00:00,1997-03-06 00:00:00.000,1997-02-14 00:00:00.000,2,8.24,TOMS SPEZIALITÄTEN,Luisenstr. 48,  Münster  ,,44087,Germany
10439,MEREP,6,1997-02-07 00:00:00.000,1997-03-07 00:00:00.000,1997-02-10 00:00:00.000,3,4.07,Mère Paillarde,  43 rue st. laurent  ,  Montréal  ,Québec,H1J 1C3,Canada
10440,SAVEA,4,1997-02-10 00:00:00.000,1997-03-10 00:00:00,1997-02-28 00:00:00.000,2,86.53,  Save-a-lot Markets  ,187 Suffolk Ln.,  Boise  ,ID,83720,USA
10441,OLDWO,3,1997-02-10 00:00:00.000,1997-03-24 00:00:00.000,1997-03-14 00:00:00.000,2,73.02,Old World Delicatessen,  2743 BERING ST.  ,Anchorage,AK,99508,USA
10442,ERNSH,3,11-02-1997,1997-03-11 00:00:00.000,02/18/1997,2,47.94,ernst handel,Kirchgasse 6,Graz,,8010,Austria
10443,REGGC,8,1997-02-12 00:00:00,1997-03-12 00:00:00.000,14.02.1997,1,13.95,Reggiani  Caseifici,STRADA PROVINCIALE 124,Reggio Emilia,,42100,Italy
10444,BERGS,3,1997-02-12 00:00:00.000,1997-03-12 00:00:00.000,1997-02-21 00:00:00.000,3,3.5,Berglunds  snabbköp,berguvsvägen    8,Luleå,,S-958 22,Sweden
10445,BERGS,3,13.02.1997,1997-03-13 00:00:00,1997/02/20,1,9.3,BERGLUNDS SNABBKÖP,berguvsvägen  8,luleå,,S-958 22,Sweden
10446,TOMSP,6,1997-02-14 00:00:00.000,1997-03-14 00:00:00.000,1997-02-19 00:00:00.000,1,14.68,Toms  Spezialitäten,Luisenstr.  48,Münster,,44087,Germany
10447,RICAR,4,02/14/1997,03/14/1997,1997/03/07,2,68.66,Ricardo Adocicados,"AV. COPACABANA, 267",Rio de Janeiro,RJ,02389-890,Brazil
10448,RANCH,4,1997-02-17 00:00:00.000,1997-03-17 00:00:00.000,24.02.1997,2,38.82,RANCHO GRANDE,Av.  del  Libertador  900,BUENOS AIRES,,1010,Argentina
10449,BLONP,3,1997-02-18 00:00:00.000,18.03.1997,1997-02-27 00:00:00.000,2,53.3,Blondel père et fils,"24, place Kléber",strasbourg,,67000,France
10450,VICTE,8,19-02-1997,1997-03-19 00:00:00,11.03.1997,2,7.23,Victuailles  en  stock,"2, rue du commerce",lyon,,69004,France
10451,QUICK,4,1997-02-19 00:00:00.000,1997-03-05 00:00:00.000,1997-03-12 00:00:00.000,3,189.09,  QUICK-Stop  ,TAUCHERSTRASSE 10,  cunewalde  ,,01307,Germany
10452,SAVEA,8,1997-02-20 00:00:00.000,1997-03-20 00:00:00.000,26.02.1997,1,140.26,Save-a-lot  Markets,187 Suffolk Ln.,Boise,ID,83720,USA
10453,AROUT,1,02/21/1997,1997-03-21 00:00:00.000,1997/02/26,2,25.36,AROUND THE HORN,Brook  Farm  Stratford  St.  Mary,  COLCHESTER  ,Essex,CO7 6JX,UK
10454,LAMAI,4,1997-02-21 00:00:00,1997-03-21 00:00:00,25-02-1997,3,2.74,  LA MAISON D'ASIE  ,  1 rue Alsace-Lorraine  ,  Toulouse  ,,31000,France
10455,WARTH,8,1997-02-24 00:00:00.000,07-04-1997,1997/03/03,2,180.45,wartian herkku,Torikatu 38,Oulu,,90110,Finland
10456,KOENE,8,1997-02-25 00:00:00.000,1997/04/08,1997-02-28 00:00:00.000,2,8.12,  Königlich Essen  ,Maubelstr. 90,Brandenburg,,14776,Germany
10457,KOENE,2,25.02.1997,1997-03-25 00:00:00.000,03.03.1997,1,11.57,königlich essen,Maubelstr. 90,  Brandenburg  ,,14776,Germany
10458,SUPRD,7,1997-02-26 00:00:00.000,26-03-1997,1997-03-04 00:00:00.000,3,147.06,SUPRÊMES DÉLICES,"Boulevard  Tirou,  255",CHARLEROI,,B-6000,Belgium
10459,VICTE,4,27-02-1997,1997-03-27 00:00:00.000,1997-02-28 00:00:00.000,2,25.09,  Victuailles en stock  ,"2, RUE DU COMMERCE",Lyon,,69004,France
10460,FOLKO,8,28.02.1997,03/28/1997,03-03-1997,1,16.27,folk och fä hb,åkergatan 24,  Bräcke  ,,S-844 67,Sweden
10461,LILAS,1,1997-02-28 00:00:00,03/28/1997,1997-03-05 00:00:00.000,3,148.61,LILA-Supermercado,CARRERA 52 CON AVE. BOLÍVAR #65-98 LLANO LARGO,Barquisimeto,Lara,3508,Venezuela
10462,CONSH,2,03-03-1997,03/31/1997,1997/03/18,1,6.17,Consolidated  Holdings,  Berkeley Gardens 12  Brewery  ,london,,WX1 6LT,UK
10463,SUPRD,5,1997-03-04 00:00:00.000,1997-04-01 00:00:00.000,1997-03-06 00:00:00,3,14.78,  Suprêmes délices  ,"Boulevard Tirou, 255",Charleroi,,B-6000,Belgium
10464,FURIB,4,1997-03-04 00:00:00.000,1997-04-01 00:00:00.000,1997-03-14 00:00:00.000,2,89.0,Furia Bacalhau e Frutos do Mar,  jardim das rosas n. 32  ,  Lisboa  ,,1675,Portugal
10465,VAFFE,1,1997-03-05 00:00:00.000,04/02/1997,1997-03-14 00:00:00.000,3,145.04,Vaffeljernet,Smagsloget 45,ÅRHUS,,8200,Denmark
10466,COMMI,4,1997-03-06 00:00:00,1997-04-03 00:00:00.000,1997-03-13 00:00:00.000,1,11.93,comércio mineiro,"Av. dos Lusíadas, 23",Sao Paulo,SP,05432-043,Brazil
10467,MAGAA,8,1997-03-06 00:00:00.000,1997-04-03 00:00:00.000,1997-03-11 00:00:00,2,4.93,Magazzini Alimentari Riuniti,via ludovico il moro 22,Bergamo,,24100,Italy
10468,KOENE,3,1997/03/07,1997/04/04,1997-03-12 00:00:00.000,3,573.56,Königlich  Essen,MAUBELSTR.  90,  Brandenburg  ,,14776,Germany
10469,WHITC,1,1997/03/10,1997-04-07 00:00:00.000,1997/03/14,1,60.18,White Clover Markets,  1029 - 12th Ave. S.  ,  Seattle  ,WA,98124,USA
10470,BONAP,4,1997/03/11,1997-04-08 00:00:00,03/14/1997,2,64.56,Bon app',"12, rue des Bouchers",MARSEILLE,,13008,France
10471,BSBEV,2,1997-03-11 00:00:00.000,08.04.1997,1997-03-18 00:00:00.000,3,45.59,b's beverages,  Fauntleroy Circus  ,London,,EC2 5NT,UK
10472,SEVES,8,1997-03-12 00:00:00.000,1997-04-09 00:00:00,1997-03-19 00:00:00.000,1,4.2,seven  seas  imports,90 WADHURST RD.,  London  ,,OX15 4NB,UK
10473,ISLAT,1,1997-03-13 00:00:00.000,03/27/1997,03/21/1997,3,16.37,Island  Trading,Garden House Crowther Way,Cowes,Isle of Wight,PO31 7PJ,UK
10474,PERIC,5,03/13/1997,1997-04-10 00:00:00.000,1997-03-21 00:00:00,2,83.49,Pericles Comidas clásicas,calle dr. jorge cash 321,México D.F.,,05033,Mexico
10475,SUPRD,9,1997-03-14 00:00:00.000,1997-04-11 00:00:00.000,1997-04-04 00:00:00.000,1,68.52,  Suprêmes délices  ,"Boulevard Tirou, 255",Charleroi,,B-6000,Belgium
10476,HILAA,8,17-03-1997,14-04-1997,1997/03/24,3,4.41,  HILARION-Abastos  ,Carrera 22 con Ave. Carlos Soublette #8-35,San Cristóbal,Táchira,5022,Venezuela
10477,PRINI,5,1997-03-17 00:00:00.000,14-04-1997,1997/03/25,2,13.02,  Princesa Isabel Vinhos  ,Estrada  da  saúde  n.  58,LISBOA,,1756,Portugal
10478,VICTE,2,18.03.1997,1997/04/01,1997-03-26 00:00:00.000,3,4.81,victuailles en stock,"2, rue du Commerce",lyon,,69004,France
10479,RATTC,3,1997/03/19,04/16/1997,1997-03-21 00:00:00.000,3,708.95,rattlesnake canyon grocery,2817 Milton Dr.,  ALBUQUERQUE  ,NM,87110,USA
10480,FOLIG,6,20-03-1997,1997-04-17 00:00:00.000,1997-03-24 00:00:00.000,2,1.35,  Folies gourmandes  ,"184, chaussée de tournai",Lille,,59000,France
10481,RICAR,8,1997-03-20 00:00:00.000,17-04-1997,1997-03-25 00:00:00.000,2,64.33,Ricardo  Adocicados,"Av. Copacabana, 267",rio  de  janeiro,RJ,02389-890,Brazil
10482,LAZYK,1,1997-03-21 00:00:00.000,1997-04-18 00:00:00.000,1997-04-10 00:00:00.000,3,7.48,  Lazy K Kountry Store  ,12 Orchestra Terrace,Walla Walla,WA,99362,USA
10483,WHITC,7,1997-03-24 00:00:00.000,1997-04-21 00:00:00.000,1997-04-25 00:00:00.000,2,15.28,White Clover Markets,1029 - 12th Ave. S.,Seattle,WA,98124,USA
10484,BSBEV,3,1997-03-24 00:00:00.000,21.04.1997,01.04.1997,3,6.88,B's Beverages,Fauntleroy  Circus,  London  ,,EC2 5NT,UK
10485,LINOD,4,03/25/1997,08-04-1997,03/31/1997,2,64.45,LINO-Delicateses,  AVE. 5 DE MAYO PORLAMAR  ,i. de margarita,Nueva Esparta,4980,Venezuela
10486,HILAA,1,1997/03/26,23-04-1997,1997-04-02 00:00:00.000,2,30.53,HILARION-Abastos,Carrera 22 con Ave. Carlos Soublette #8-35,San Cristóbal,Táchira,5022,Venezuela
10487,QUEEN,2,1997-03-26 00:00:00,1997-04-23 00:00:00.000,1997-03-28 00:00:00,2,71.07,Queen Cozinha,"Alameda  dos  Canàrios,  891",SAO PAULO,SP,05487-020,Brazil
10488,FRANK,8,1997-03-27 00:00:00.000,1997-04-24 00:00:00,1997/04/02,2,4.93,Frankenversand,Berliner  Platz  43,München,,80805,Germany
10489,PICCO,6,1997-03-28 00:00:00.000,1997-04-25 00:00:00.000,09.04.1997,2,5.29,  Piccolo und mehr  ,Geislweg 14,Salzburg,,5020,Austria
10490,HILAA,7,1997-03-31 00:00:00,28-04-1997,1997-04-03 00:00:00,2,210.19,hilarion-abastos,  carrera 22 con ave. carlos soublette #8-35  ,San  Cristóbal,Táchira,5022,Venezuela
10491,FURIB,8,1997-03-31 00:00:00.000,1997/04/28,1997-04-08 00:00:00.000,3,16.96,FURIA  BACALHAU  E  FRUTOS  DO  MAR,Jardim  das  rosas  n.  32,  LISBOA  ,,1675,Portugal
10492,BOTTM,3,01.04.1997,1997/04/29,1997-04-11 00:00:00.000,1,62.89,Bottom-Dollar Markets,23 tsawassen blvd.,  Tsawassen  ,BC,T2F 8M4,Canada
10493,LAMAI,4,1997-04-02 00:00:00.000,1997-04-30 00:00:00.000,10-04-1997,3,-10.64,La maison d'Asie,1 RUE ALSACE-LORRAINE,Toulouse,,31000,France
10494,COMMI,4,1997-04-02 00:00:00.000,1997-04-30 00:00:00,04/09/1997,2,65.99,Comércio Mineiro,"  Av. dos Lusíadas, 23  ",SAO PAULO,SP,05432-043,Brazil
10495,LAUGB,3,1997/04/03,01-05-1997,1997-04-11 00:00:00.000,3,4.65,  Laughing Bacchus Wine Cellars  ,2319 elm st.,Vancouver,BC,V3F 2K1,Canada
10496,TRADH,7,1997-04-04 00:00:00.000,1997/05/02,07.04.1997,2,46.77,Tradiçao  Hipermercados,"Av. Inês de Castro, 414",Sao Paulo,SP,05634-030,Brazil
10497,LEHMS,7,1997-04-04 00:00:00,02.05.1997,1997/04/07,1,36.21,  LEHMANNS MARKTSTAND  ,magazinweg 7,Frankfurt a.M.,,60528,Germany
10498,HILAA,8,1997/04/07,1997-05-05 00:00:00.000,11.04.1997,2,29.75,  HILARION-Abastos  ,Carrera 22 con Ave. Carlos Soublette #8-35,  San Cristóbal  ,Táchira,5022,Venezuela
10499,LILAS,4,1997-04-08 00:00:00.000,1997-05-06 00:00:00.000,16.04.1997,2,102.02,LILA-Supermercado,Carrera 52 con Ave. Bolívar #65-98 Llano Largo,Barquisimeto,Lara,3508,Venezuela
10500,LAMAI,6,09.04.1997,1997-05-07 00:00:00.000,1997-04-17 00:00:00.000,1,42.68,La maison d'Asie,1 rue Alsace-Lorraine,Toulouse,,31000,France
10501,ZZZZZ,9,1997-04-09 00:00:00.000,1997-05-07 00:00:00.000,04/16/1997,3,8.85,Blauer See Delikatessen,FORSTERSTR.  57,MANNHEIM,,68306,Germany
10502,PERIC,2,1997-04-10 00:00:00.000,1997-05-08 00:00:00.000,29.04.1997,1,69.32,Pericles  Comidas  clásicas,Calle  Dr.  Jorge  Cash  321,México D.F.,,05033,Mexico
10503,HUNGO,6,1997-04-11 00:00:00.000,1997-05-09 00:00:00.000,16-04-1997,2,16.74,Hungry Owl All-Night Grocers,8  JOHNSTOWN  ROAD,Cork,Co. Cork,,Ireland
10504,WHITC,4,1997-04-11 00:00:00,09.05.1997,04/18/1997,3,59.13,White Clover Markets,1029 - 12TH AVE. S.,Seattle,WA,98124,USA
10505,MEREP,3,1997-04-14 00:00:00,1997-05-12 00:00:00.000,21-04-1997,3,7.13,mère paillarde,43 rue St. Laurent,  montréal  ,Québec,H1J 1C3,Canada
10506,KOENE,9,1997-04-15 00:00:00.000,1997-05-13 00:00:00,1997-05-02 00:00:00.000,2,21.19,Königlich Essen,  Maubelstr. 90  ,Brandenburg,,14776,Germany
10507,ANTON,7,1997/04/15,1997/05/13,1997-04-22 00:00:00.000,1,47.45,Antonio Moreno Taquería,  mataderos  2312  ,México  D.F.,,05023,Mexico
10508,OTTIK,1,1997/04/16,1997-05-14 00:00:00.000,nan,2,4.99,Ottilies  Käseladen,Mehrheimerstr. 369,KÖLN,,50739,Germany
10509,BLAUS,4,1997/04/17,1997-05-15 00:00:00.000,29.04.1997,1,0.15,Blauer See Delikatessen,Forsterstr. 57,Mannheim,,68306,Germany
10510,SAVEA,6,1997-04-18 00:00:00.000,1997-05-16 00:00:00,1997/04/28,3,367.63,SAVE-A-LOT MARKETS,187 Suffolk Ln.,boise,ID,83720,USA
10511,BONAP,4,1997-04-18 00:00:00.000,1997-05-16 00:00:00,21-04-1997,3,350.64,Bon app',"12, rue des Bouchers",MARSEILLE,,13008,France
10512,FAMIA,7,1997/04/21,1997-05-19 00:00:00.000,1997-04-24 00:00:00.000,2,3.53,Familia Arquibaldo,"Rua  Orós,  92",Sao  Paulo,SP,05442-030,Brazil
10513,WANDK,7,04/22/1997,1997/06/03,04/28/1997,1,105.65,Die Wandernde Kuh,Adenauerallee 900,stuttgart,,70563,Germany
10514,ERNSH,3,1997-04-22 00:00:00.000,1997-05-20 00:00:00.000,16-05-1997,2,789.95,Ernst Handel,kirchgasse 6,Graz,,8010,Austria
10515,QUICK,2,1997-04-23 00:00:00,1997-05-07 00:00:00.000,23.05.1997,1,204.47,QUICK-STOP,Taucherstraße  10,  cunewalde  ,,01307,Germany
10516,HUNGO,2,1997-04-24 00:00:00.000,22.05.1997,01-05-1997,3,62.78,HUNGRY OWL ALL-NIGHT GROCERS,8 Johnstown Road,Cork,Co. Cork,,Ireland
10517,NORTS,3,24-04-1997,22.05.1997,1997-04-29 00:00:00,3,32.07,  North/South  ,  south house 300 queensbridge  ,London,,SW7 1RZ,UK
10518,TORTU,4,1997-04-25 00:00:00.000,1997-05-09 00:00:00.000,05/05/1997,2,218.15,  Tortuga Restaurante  ,avda. azteca 123,  MÉXICO D.F.  ,,05033,Mexico
10519,CHOPS,6,1997-04-28 00:00:00,1997-05-26 00:00:00.000,1997-05-01 00:00:00.000,3,91.76,CHOP-SUEY CHINESE,Hauptstr. 31,bern,,3012,Switzerland
10520,SANTG,7,29-04-1997,1997-05-27 00:00:00.000,01.05.1997,1,13.37,Santé Gourmet,Erling  Skakkes  gate  78,Stavern,,4110,Norway
10521,CACTU,8,29-04-1997,1997-05-27 00:00:00.000,05/02/1997,2,17.22,Cactus Comidas para llevar,Cerrito 333,Buenos Aires,,1010,Argentina
10522,LEHMS,4,1997-04-30 00:00:00.000,1997/05/28,1997-05-06 00:00:00.000,1,45.33,Lehmanns  Marktstand,  Magazinweg 7  ,Frankfurt  a.M.,,60528,Germany
10523,SEVES,7,05/01/1997,29-05-1997,05/30/1997,2,77.63,Seven Seas Imports,90 Wadhurst Rd.,London,,OX15 4NB,UK
10524,BERGS,1,1997-05-01 00:00:00.000,1997/05/29,07-05-1997,2,244.79,  Berglunds snabbköp  ,  Berguvsvägen  8  ,Luleå,,S-958 22,Sweden
10525,BONAP,1,1997-05-02 00:00:00.000,1997-05-30 00:00:00.000,1997-05-23 00:00:00.000,2,11.06,Bon app',"12, rue des Bouchers",Marseille,,13008,France
10526,WARTH,4,1997-05-05 00:00:00.000,06/02/1997,1997-05-15 00:00:00.000,2,58.59,Wartian  Herkku,Torikatu 38,  Oulu  ,,90110,Finland
10527,QUICK,7,05-05-1997,1997-06-02 00:00:00.000,05/07/1997,1,41.9,QUICK-Stop,Taucherstraße 10,cunewalde,,01307,Germany
10528,GREAL,6,1997/05/06,1997-05-20 00:00:00.000,05/09/1997,2,3.35,  Great Lakes Food Market  ,2732  baker  blvd.,  EUGENE  ,OR,97403,USA
10529,MAISD,5,1997-05-07 00:00:00.000,1997-06-04 00:00:00,1997-05-09 00:00:00.000,2,66.69,Maison  Dewey,Rue Joseph-Bens 532,bruxelles,,B-1180,Belgium
10530,PICCO,3,1997/05/08,05.06.1997,05/12/1997,2,339.22,Piccolo und mehr,Geislweg  14,  salzburg  ,,5020,Austria
10531,OCEAN,7,1997-05-08 00:00:00.000,1997-06-05 00:00:00.000,1997-05-19 00:00:00.000,1,8.12,  Océano Atlántico Ltda.  ,Ing. Gustavo Moncada 8585 Piso 20-A,  Buenos Aires  ,,1010,Argentina
10532,EASTC,7,1997-05-09 00:00:00,1997/06/06,1997/05/12,3,74.46,EASTERN  CONNECTION,35 king george,London,,WX3 6FW,UK
10533,FOLKO,8,1997-05-12 00:00:00.000,09.06.1997,22.05.1997,1,188.04,FOLK OCH FÄ HB,ÅKERGATAN 24,Bräcke,,S-844 67,Sweden
10534,LEHMS,8,1997-05-12 00:00:00.000,1997-06-09 00:00:00.000,05/14/1997,2,27.94,lehmanns marktstand,Magazinweg  7,Frankfurt a.M.,,60528,Germany
10535,ANTON,4,13-05-1997,1997-06-10 00:00:00.000,1997-05-21 00:00:00.000,1,15.64,antonio  moreno  taquería,Mataderos    2312,  México D.F.  ,,05023,Mexico
10536,LEHMS,3,1997-05-14 00:00:00,06/11/1997,06.06.1997,2,58.88,Lehmanns Marktstand,Magazinweg 7,  Frankfurt a.M.  ,,60528,Germany
10537,RICSU,1,14.05.1997,1997/05/28,1997/05/19,1,78.85,Richter Supermarkt,STARENWEG 5,  Genève  ,,1204,Switzerland
10538,BSBEV,9,1997-06-12 00:00:00,1997/05/15,1997-05-16 00:00:00.000,3,4.87,B'S BEVERAGES,fauntleroy circus,  London  ,,EC2 5NT,UK
10539,BSBEV,6,1997-05-16 00:00:00.000,1997-06-13 00:00:00.000,1997-05-23 00:00:00.000,3,12.36,  B's Beverages  ,FAUNTLEROY CIRCUS,London,,EC2 5NT,UK
10540,QUICK,3,19.05.1997,1997-06-16 00:00:00.000,1997-06-13 00:00:00.000,3,1007.64,  QUICK-Stop  ,  Taucherstraße 10  ,  CUNEWALDE  ,,01307,Germany
10541,HANAR,2,1997-05-19 00:00:00.000,1997/06/16,1997-05-29 00:00:00.000,1,68.65,Hanari Carnes,"Rua do Paço, 67",RIO DE JANEIRO,RJ,,Brazil
10542,KOENE,1,05/20/1997,1997-06-17 00:00:00.000,1997-05-26 00:00:00.000,3,10.95,Königlich Essen,maubelstr. 90,  Brandenburg  ,,14776,Germany
10543,LILAS,8,1997/05/21,18.06.1997,1997-05-23 00:00:00.000,2,48.17,LILA-Supermercado,Carrera 52 con Ave. Bolívar #65-98 Llano Largo,  Barquisimeto  ,Lara,3508,Venezuela
10544,LONEP,4,05/21/1997,1997-06-18 00:00:00.000,1997-05-30 00:00:00.000,1,24.91,Lonesome Pine Restaurant,89  Chiaroscuro  Rd.,  PORTLAND  ,OR,97219,USA
10545,LAZYK,8,22.05.1997,19-06-1997,1997/06/26,2,11.92,Lazy K Kountry Store,12 ORCHESTRA TERRACE,  WALLA WALLA  ,WA,99362,USA
10546,VICTE,1,1997-05-23 00:00:00.000,20-06-1997,1997-05-27 00:00:00.000,3,194.72,Victuailles  en  stock,"2,  rue  du  Commerce",Lyon,,69004,France
10547,SEVES,3,1997-05-23 00:00:00,1997-06-20 00:00:00.000,1997-06-02 00:00:00.000,2,178.43,Seven Seas Imports,90 Wadhurst Rd.,  london  ,,OX15 4NB,UK
10548,TOMSP,3,1997/05/26,06/23/1997,1997-06-02 00:00:00.000,2,1.43,TOMS SPEZIALITÄTEN,Luisenstr. 48,  Münster  ,,44087,Germany
10549,QUICK,5,1997-05-27 00:00:00.000,1997-06-10 00:00:00.000,30-05-1997,1,171.24,QUICK-Stop,TAUCHERSTRASSE  10,Cunewalde,,01307,Germany
10550,GODOS,7,1997-05-28 00:00:00.000,1997-06-25 00:00:00.000,06-06-1997,3,4.32,Godos  Cocina  Típica,"c/  romero,  33",Sevilla,,41101,Spain
10551,FURIB,4,1997-05-28 00:00:00.000,1997-07-09 00:00:00.000,1997-06-06 00:00:00.000,3,72.95,Furia  Bacalhau  e  Frutos  do  Mar,JARDIM DAS ROSAS N. 32,  Lisboa  ,,1675,Portugal
10552,HILAA,2,1997/05/29,26-06-1997,1997-06-05 00:00:00.000,1,83.22,HILARION-Abastos,  Carrera 22 con Ave. Carlos Soublette #8-35  ,  SAN CRISTÓBAL  ,Táchira,5022,Venezuela
10553,WARTH,2,1997-05-30 00:00:00,1997-06-27 00:00:00.000,1997-06-03 00:00:00.000,2,149.49,  wartian herkku  ,Torikatu  38,Oulu,,90110,Finland
10554,OTTIK,4,30-05-1997,1997-06-27 00:00:00.000,05.06.1997,3,120.97,Ottilies Käseladen,Mehrheimerstr. 369,Köln,,50739,Germany
10555,SAVEA,6,1997-06-02 00:00:00.000,1997-06-30 00:00:00.000,1997-06-04 00:00:00.000,3,252.49,  Save-a-lot Markets  ,187 Suffolk Ln.,Boise,ID,83720,USA
10556,SIMOB,2,03.06.1997,1997/07/15,13.06.1997,1,9.8,SIMONS BISTRO,Vinbæltet  34,Kobenhavn,,1734,Denmark
10557,LEHMS,9,1997-06-03 00:00:00.000,1997-06-17 00:00:00,06-06-1997,2,96.72,Lehmanns  Marktstand,Magazinweg 7,Frankfurt a.M.,,60528,Germany
10558,AROUT,1,04-06-1997,1997/07/02,1997-06-10 00:00:00.000,2,72.97,  Around the Horn  ,Brook Farm Stratford St. Mary,colchester,Essex,CO7 6JX,UK
10559,BLONP,6,06/05/1997,03.07.1997,1997-06-13 00:00:00.000,1,8.05,BLONDEL PÈRE ET FILS,"  24, place Kléber  ",  STRASBOURG  ,,67000,France
10560,FRANK,8,06.06.1997,1997-07-04 00:00:00.000,1997-06-09 00:00:00.000,1,36.65,Frankenversand,BERLINER  PLATZ  43,München,,80805,Germany
10561,FOLKO,2,06-06-1997,04.07.1997,09.06.1997,2,242.21,Folk och fä HB,  åkergatan 24  ,BRÄCKE,,S-844 67,Sweden
10562,REGGC,1,1997-06-09 00:00:00.000,1997-07-07 00:00:00,12-06-1997,1,22.95,  Reggiani Caseifici  ,Strada  Provinciale  124,Reggio Emilia,,42100,Italy
10563,RICAR,2,1997-06-10 00:00:00.000,1997-07-22 00:00:00.000,24.06.1997,2,60.43,RICARDO ADOCICADOS,"Av. Copacabana, 267",  Rio de Janeiro  ,RJ,02389-890,Brazil
10564,RATTC,4,1997/06/10,08-07-1997,1997-06-16 00:00:00.000,3,13.75,Rattlesnake  Canyon  Grocery,2817 MILTON DR.,Albuquerque,NM,87110,USA
10565,MEREP,8,1997-06-11 00:00:00.000,1997/07/09,1997-06-18 00:00:00.000,2,7.15,Mère  Paillarde,  43 RUE ST. LAURENT  ,MONTRÉAL,Québec,H1J 1C3,Canada
10566,BLONP,9,1997-06-12 00:00:00.000,1997-07-10 00:00:00.000,1997-06-18 00:00:00.000,1,88.4,  Blondel père et fils  ,"24, PLACE KLÉBER",  Strasbourg  ,,67000,France
10567,HUNGO,1,06/12/1997,1997-07-10 00:00:00.000,06/17/1997,1,33.97,  Hungry Owl All-Night Grocers  ,8 johnstown road,Cork,Co. Cork,,Ireland
10568,GALED,3,1997/06/13,11.07.1997,1997-07-09 00:00:00,3,6.54,Galería  del  gastronómo,"Rambla de Cataluña, 23",barcelona,,8022,Spain
10569,RATTC,5,16-06-1997,1997/07/14,07/11/1997,1,58.98,Rattlesnake Canyon Grocery,2817 Milton Dr.,Albuquerque,NM,87110,USA
10570,MEREP,3,1997-06-17 00:00:00,1997-07-15 00:00:00,1997/06/19,3,188.99,Mère Paillarde,  43 rue St. Laurent  ,Montréal,Québec,H1J 1C3,Canada
10571,ERNSH,8,1997-06-17 00:00:00.000,29-07-1997,1997-07-04 00:00:00.000,3,26.06,  Ernst Handel  ,Kirchgasse 6,Graz,,8010,Austria
10572,BERGS,3,06/18/1997,1997/07/16,1997-06-25 00:00:00.000,2,116.43,Berglunds snabbköp,Berguvsvägen  8,Luleå,,S-958 22,Sweden
10573,ANTON,7,1997-06-19 00:00:00.000,1997-07-17 00:00:00.000,1997-06-20 00:00:00.000,3,84.84,ANTONIO MORENO TAQUERÍA,  MATADEROS  2312  ,  México D.F.  ,,05023,Mexico
10574,TRAIH,4,19.06.1997,1997-07-17 00:00:00.000,1997-06-30 00:00:00,2,37.6,  trail's head gourmet provisioners  ,722  DAVINCI  BLVD.,Kirkland,WA,98034,USA
10575,MORGK,5,1997-06-20 00:00:00,1997-07-04 00:00:00.000,1997-06-30 00:00:00.000,1,127.34,Morgenstern Gesundkost,Heerstr. 22,Leipzig,,04179,Germany
10576,TORTU,3,23-06-1997,07/07/1997,06/30/1997,3,18.56,Tortuga  Restaurante,Avda.  Azteca  123,MÉXICO D.F.,,05033,Mexico
10577,TRAIH,9,1997-06-23 00:00:00.000,08/04/1997,30.06.1997,2,25.41,Trail's Head Gourmet Provisioners,722 DaVinci Blvd.,Kirkland,WA,98034,USA
10578,BSBEV,4,1997-06-24 00:00:00,1997/07/22,1997-07-25 00:00:00.000,3,29.6,B'S BEVERAGES,Fauntleroy Circus,London,,EC2 5NT,UK
10579,LETSS,1,1997-06-25 00:00:00.000,1997-07-23 00:00:00.000,07/04/1997,2,13.73,  Let's Stop N Shop  ,87  Polk  St.  Suite  5,SAN FRANCISCO,CA,94117,USA
10580,OTTIK,4,1997-06-26 00:00:00.000,1997/07/24,1997-07-01 00:00:00.000,3,75.89,OTTILIES  KÄSELADEN,Mehrheimerstr.  369,köln,,50739,Germany
10581,FAMIA,3,1997-06-26 00:00:00.000,24.07.1997,1997-07-02 00:00:00.000,1,3.01,  Familia Arquibaldo  ,"Rua Orós, 92",  Sao Paulo  ,SP,05442-030,Brazil
10582,BLAUS,3,1997-06-27 00:00:00.000,1997-07-25 00:00:00.000,1997-07-14 00:00:00,2,27.71,Blauer  See  Delikatessen,  Forsterstr. 57  ,Mannheim,,68306,Germany
10583,WARTH,2,1997-06-30 00:00:00.000,1997-07-28 00:00:00.000,1997/07/04,2,7.28,Wartian Herkku,Torikatu  38,Oulu,,90110,Finland
10584,BLONP,4,1997-06-30 00:00:00.000,1997-07-28 00:00:00,1997-07-04 00:00:00.000,1,59.14,Blondel  père  et  fils,"24, place Kléber",Strasbourg,,67000,France
10585,WELLI,7,1997-07-01 00:00:00.000,1997-07-29 00:00:00.000,10-07-1997,1,13.41,Wellington  Importadora,"RUA DO MERCADO, 12",  RESENDE  ,SP,08737-363,Brazil
10586,REGGC,9,07/02/1997,1997-07-30 00:00:00.000,1997-07-09 00:00:00.000,1,0.48,Reggiani Caseifici,Strada Provinciale 124,Reggio Emilia,,42100,Italy
10587,QUEDE,1,1997-07-02 00:00:00.000,1997/07/30,07/09/1997,1,62.52,Que  Delícia,"RUA DA PANIFICADORA, 12",  Rio de Janeiro  ,RJ,02389-673,Brazil
10588,QUICK,2,1997-07-03 00:00:00.000,1997-07-31 00:00:00.000,1997-07-10 00:00:00,3,194.67,QUICK-Stop,Taucherstraße 10,Cunewalde,,01307,Germany
10589,GREAL,8,1997-07-04 00:00:00.000,01-08-1997,1997-07-14 00:00:00.000,2,4.42,  GREAT LAKES FOOD MARKET  ,2732 Baker Blvd.,Eugene,OR,97403,USA
10590,MEREP,4,1997-07-07 00:00:00.000,08/04/1997,14-07-1997,3,44.77,MÈRE  PAILLARDE,43 rue St. Laurent,Montréal,Québec,H1J 1C3,Canada
10591,VAFFE,1,1997-07-07 00:00:00.000,1997-07-21 00:00:00.000,16-07-1997,1,55.92,vaffeljernet,SMAGSLOGET 45,ÅRHUS,,8200,Denmark
10592,LEHMS,3,1997-07-08 00:00:00.000,08/05/1997,07/16/1997,1,32.1,Lehmanns Marktstand,magazinweg 7,  Frankfurt a.M.  ,,60528,Germany
10593,LEHMS,7,09-07-1997,1997-08-06 00:00:00.000,13-08-1997,2,174.2,  LEHMANNS MARKTSTAND  ,Magazinweg 7,frankfurt  a.m.,,60528,Germany
10594,OLDWO,3,1997-07-09 00:00:00.000,06-08-1997,16.07.1997,2,5.24,Old  World  Delicatessen,2743  Bering  St.,Anchorage,AK,99508,USA
10595,ERNSH,2,1997-07-10 00:00:00,1997-08-07 00:00:00.000,1997-07-14 00:00:00.000,1,96.78,ernst handel,Kirchgasse 6,  Graz  ,,8010,Austria
10596,WHITC,8,11.07.1997,1997-08-08 00:00:00.000,12-08-1997,1,16.34,White  Clover  Markets,1029  -  12th  ave.  s.,Seattle,WA,98124,USA
10597,PICCO,7,1997-07-11 00:00:00.000,1997-08-08 00:00:00.000,07/18/1997,3,35.12,Piccolo und mehr,GEISLWEG 14,  salzburg  ,,5020,Austria
10598,RATTC,1,14.07.1997,1997-08-11 00:00:00,1997-07-18 00:00:00.000,3,44.42,Rattlesnake  Canyon  Grocery,  2817 Milton Dr.  ,Albuquerque,NM,,USA
10599,BSBEV,6,1997/07/15,26.08.1997,1997-07-21 00:00:00,3,29.98,B'S BEVERAGES,Fauntleroy Circus,London,,EC2 5NT,UK
10600,HUNGC,4,1997-07-16 00:00:00,1997/08/13,21.07.1997,1,45.13,HUNGRY COYOTE IMPORT STORE,City Center Plaza 516 Main St.,ELGIN,OR,97827,USA
10601,HILAA,7,1997-07-16 00:00:00.000,1997-08-27 00:00:00.000,1997-07-22 00:00:00,1,58.3,  HILARION-Abastos  ,Carrera 22 con Ave. Carlos Soublette #8-35,San Cristóbal,Táchira,5022,Venezuela
10602,VAFFE,8,1997-07-17 00:00:00.000,1997-08-14 00:00:00,1997/07/22,2,2.92,Vaffeljernet,smagsloget 45,Århus,,8200,Denmark
10603,SAVEA,8,1997-07-18 00:00:00.000,1997-08-15 00:00:00.000,08.08.1997,2,48.77,SAVE-A-LOT MARKETS,187  Suffolk  Ln.,Boise,ID,83720,USA
10604,FURIB,1,1997-07-18 00:00:00.000,1997-08-15 00:00:00.000,29.07.1997,1,7.46,  Furia Bacalhau e Frutos do Mar  ,  Jardim das rosas n. 32  ,lisboa,,1675,Portugal
10605,MEREP,1,1997-07-21 00:00:00.000,18.08.1997,29.07.1997,2,379.13,MÈRE PAILLARDE,43 rue st. laurent,  montréal  ,Québec,H1J 1C3,Canada
10606,TRADH,4,07/22/1997,1997-08-19 00:00:00.000,31-07-1997,3,79.4,  Tradiçao Hipermercados  ,"  av. inês de castro, 414  ",SAO  PAULO,SP,05634-030,Brazil
10607,SAVEA,5,1997-07-22 00:00:00.000,1997/08/19,25-07-1997,1,2960.0,  Save-a-lot Markets  ,  187 Suffolk Ln.  ,  Boise  ,ID,83720,USA
10608,TOMSP,4,23.07.1997,1997-08-20 00:00:00.000,1997-08-01 00:00:00.000,2,27.79,TOMS SPEZIALITÄTEN,LUISENSTR. 48,Münster,,44087,Germany
10609,DUMON,7,24.07.1997,08/21/1997,30.07.1997,2,1.85,Du monde entier,"67, RUE DES CINQUANTE OTAGES",Nantes,,44000,France
10610,LAMAI,8,1997-07-25 00:00:00.000,22-08-1997,1997-08-06 00:00:00.000,1,26.78,la maison d'asie,1 rue Alsace-Lorraine,toulouse,,31000,France
10611,WOLZA,6,25-07-1997,1997-08-22 00:00:00.000,1997-08-01 00:00:00.000,2,80.65,Wolski Zajazd,ul.  filtrowa  68,  Warszawa  ,,01-012,Poland
10612,SAVEA,1,1997/07/28,1997-08-25 00:00:00.000,1997-08-01 00:00:00.000,2,544.08,save-a-lot markets,187 Suffolk Ln.,Boise,ID,83720,USA
10613,HILAA,4,1997-07-29 00:00:00.000,1997-08-26 00:00:00.000,1997-08-01 00:00:00.000,2,8.11,  HILARION-ABASTOS  ,  Carrera 22 con Ave. Carlos Soublette #8-35  ,  San Cristóbal  ,Táchira,5022,Venezuela
10614,BLAUS,8,1997-07-29 00:00:00.000,1997/08/26,1997-08-01 00:00:00.000,3,1.93,blauer  see  delikatessen,Forsterstr. 57,Mannheim,,68306,Germany
10615,WILMK,2,30-07-1997,1997-08-27 00:00:00.000,06.08.1997,3,0.75,Wilman Kala,KESKUSKATU  45,Helsinki,,21240,Finland
10616,GREAL,1,31-07-1997,1997-08-28 00:00:00.000,1997-08-05 00:00:00.000,2,116.53,Great  Lakes  Food  Market,2732 Baker Blvd.,Eugene,OR,97403,USA
10617,GREAL,4,31.07.1997,1997-08-28 00:00:00.000,1997-08-04 00:00:00.000,2,18.53,Great Lakes Food Market,2732 Baker Blvd.,eugene,OR,97403,USA
10618,MEREP,1,1997-08-01 00:00:00.000,12.09.1997,1997-08-08 00:00:00,1,154.68,Mère Paillarde,  43 rue st. laurent  ,Montréal,Québec,H1J 1C3,Canada
10619,MEREP,3,1997-08-04 00:00:00.000,1997-09-01 00:00:00.000,1997-08-07 00:00:00.000,3,91.05,Mère  Paillarde,43 rue St. Laurent,Montréal,Québec,H1J 1C3,Canada
10620,LAUGB,2,05.08.1997,02-09-1997,1997-08-14 00:00:00.000,3,0.94,Laughing Bacchus Wine Cellars,2319 Elm St.,  vancouver  ,BC,V3F 2K1,Canada
10621,ISLAT,4,08/05/1997,09/02/1997,1997-08-11 00:00:00.000,2,23.73,  island trading  ,  Garden House Crowther Way  ,Cowes,Isle of Wight,PO31 7PJ,UK
10622,RICAR,4,1997-08-06 00:00:00.000,1997-09-03 00:00:00.000,11.08.1997,3,50.97,Ricardo Adocicados,"Av. Copacabana, 267",Rio de Janeiro,RJ,02389-890,Brazil
10623,FRANK,8,07-08-1997,1997-09-04 00:00:00.000,08/12/1997,2,97.18,Frankenversand,Berliner Platz 43,  MÜNCHEN  ,,80805,Germany
10624,THECR,4,1997-08-07 00:00:00.000,09/04/1997,1997-08-19 00:00:00.000,2,94.8,The Cracker Box,  55 grizzly peak rd.  ,Butte,MT,59801,USA
10625,ANATR,3,1997-08-08 00:00:00.000,09/05/1997,1997-08-14 00:00:00.000,1,43.9,ana trujillo emparedados y helados,  Avda. de la Constitución 2222  ,MÉXICO D.F.,,05021,Mexico
10626,BERGS,1,11.08.1997,08-09-1997,1997-08-20 00:00:00,2,138.69,Berglunds  snabbköp,BERGUVSVÄGEN  8,LULEÅ,,S-958 22,Sweden
10627,SAVEA,8,1997-08-11 00:00:00.000,22.09.1997,1997/08/21,3,107.46,  save-a-lot markets  ,187 suffolk ln.,Boise,ID,83720,USA
10628,BLONP,4,1997-08-12 00:00:00.000,1997/09/09,20.08.1997,3,30.36,Blondel  père  et  fils,"24, place kléber",Strasbourg,,67000,France
10629,GODOS,4,1997-08-12 00:00:00.000,1997-09-09 00:00:00,1997-08-20 00:00:00.000,3,85.46,Godos  Cocina  Típica,"C/ Romero, 33",Sevilla,,41101,Spain
10630,KOENE,1,1997-08-13 00:00:00.000,1997/09/10,1997-08-19 00:00:00.000,2,32.35,  königlich essen  ,Maubelstr. 90,  Brandenburg  ,,,Germany
10631,LAMAI,8,1997-08-14 00:00:00.000,1997-09-11 00:00:00.000,15-08-1997,1,0.87,  La maison d'Asie  ,  1 RUE ALSACE-LORRAINE  ,Toulouse,,31000,France
10632,WANDK,8,1997/08/14,1997-09-11 00:00:00.000,1997-08-19 00:00:00.000,1,41.38,Die Wandernde Kuh,  ADENAUERALLEE 900  ,Stuttgart,,70563,Germany
10633,ERNSH,7,1997-08-15 00:00:00.000,09/12/1997,18.08.1997,3,477.9,Ernst Handel,Kirchgasse 6,Graz,,8010,Austria
10634,FOLIG,4,1997-08-15 00:00:00.000,1997/09/12,1997-08-21 00:00:00.000,3,487.38,  Folies gourmandes  ,"184, chaussée de Tournai",Lille,,59000,France
10635,MAGAA,8,18-08-1997,09/15/1997,1997-08-21 00:00:00.000,3,47.46,Magazzini Alimentari Riuniti,Via Ludovico il Moro 22,  BERGAMO  ,,24100,Italy
10636,WARTH,4,1997-08-19 00:00:00.000,1997-09-16 00:00:00.000,1997-08-26 00:00:00.000,1,1.15,WARTIAN HERKKU,TORIKATU 38,  Oulu  ,,90110,Finland
10637,QUEEN,6,1997/08/19,1997-09-16 00:00:00.000,1997-08-26 00:00:00.000,1,201.29,Queen Cozinha,"ALAMEDA DOS CANÀRIOS, 891",sao paulo,SP,05487-020,Brazil
10638,LINOD,3,20.08.1997,09/17/1997,01-09-1997,1,158.44,LINO-Delicateses,Ave. 5 de Mayo Porlamar,i.  de  margarita,Nueva Esparta,4980,Venezuela
10639,SANTG,7,08/20/1997,17-09-1997,1997-08-27 00:00:00.000,3,38.64,Santé  Gourmet,Erling Skakkes gate 78,  STAVERN  ,,4110,Norway
10640,WANDK,4,1997-08-21 00:00:00,1997-09-18 00:00:00.000,1997-08-28 00:00:00.000,1,23.55,  die wandernde kuh  ,  Adenauerallee 900  ,  Stuttgart  ,,70563,Germany
10641,HILAA,4,1997/08/22,1997/09/19,1997-08-26 00:00:00,2,179.61,HILARION-Abastos,Carrera 22 con Ave. Carlos Soublette #8-35,San Cristóbal,Táchira,5022,Venezuela
10642,SIMOB,7,1997-08-22 00:00:00.000,1997-09-19 00:00:00.000,1997-09-05 00:00:00.000,3,41.89,Simons bistro,Vinbæltet 34,  KOBENHAVN  ,,1734,Denmark
10643,ALFKI,6,1997-08-25 00:00:00,22-09-1997,1997/09/02,1,29.46,  Alfreds Futterkiste  ,obere str. 57,berlin,,12209,Germany
10644,WELLI,3,25-08-1997,1997-09-22 00:00:00,1997-09-01 00:00:00.000,2,0.14,  Wellington Importadora  ,"  Rua do Mercado, 12  ",Resende,SP,08737-363,Brazil
10645,HANAR,4,26-08-1997,1997-09-23 00:00:00.000,1997-09-02 00:00:00,1,12.41,  Hanari Carnes  ,"rua do paço, 67",Rio de Janeiro,RJ,05454-876,Brazil
10646,HUNGO,9,08/27/1997,1997-10-08 00:00:00.000,1997-09-03 00:00:00.000,3,142.33,HUNGRY OWL ALL-NIGHT GROCERS,  8 Johnstown Road  ,Cork,Co. Cork,,Ireland
10647,QUEDE,4,1997-08-27 00:00:00.000,1997-09-10 00:00:00.000,03.09.1997,2,45.54,Que Delícia,"RUA  DA  PANIFICADORA,  12",Rio de Janeiro,RJ,02389-673,Brazil
10648,RICAR,5,1997-08-28 00:00:00.000,1997/10/09,1997-09-09 00:00:00.000,2,14.25,ricardo adocicados,"  Av. Copacabana, 267  ",Rio de Janeiro,RJ,02389-890,Brazil
10649,MAISD,5,1997-08-28 00:00:00.000,1997-09-25 00:00:00.000,1997-08-29 00:00:00.000,3,6.2,Maison Dewey,RUE JOSEPH-BENS 532,Bruxelles,,B-1180,Belgium
10650,FAMIA,5,08/29/1997,1997/09/26,1997-09-03 00:00:00.000,3,176.81,Familia  Arquibaldo,"RUA ORÓS, 92",Sao  Paulo,SP,05442-030,Brazil
10651,WANDK,8,1997-09-01 00:00:00.000,29-09-1997,1997-09-11 00:00:00.000,2,20.6,Die  Wandernde  Kuh,adenauerallee  900,Stuttgart,,70563,Germany
10652,GOURL,4,01-09-1997,1997-09-29 00:00:00,09/08/1997,2,7.14,Gourmet Lanchonetes,"  Av. Brasil, 442  ",Campinas,SP,04876-786,Brazil
10653,FRANK,1,09/02/1997,1997/09/30,19-09-1997,1,93.25,Frankenversand,  Berliner Platz 43  ,  München  ,,80805,Germany
10654,BERGS,5,02-09-1997,1997-09-30 00:00:00.000,1997-09-11 00:00:00.000,1,55.26,Berglunds snabbköp,Berguvsvägen    8,Luleå,,S-958 22,Sweden
10655,REGGC,1,09/03/1997,1997/10/01,11.09.1997,2,4.41,Reggiani  Caseifici,  Strada Provinciale 124  ,REGGIO  EMILIA,,42100,Italy
10656,GREAL,6,1997-09-04 00:00:00.000,1997/10/02,1997-09-10 00:00:00.000,1,57.15,  GREAT LAKES FOOD MARKET  ,  2732 BAKER BLVD.  ,  Eugene  ,OR,97403,USA
10657,SAVEA,2,1997-09-04 00:00:00.000,1997-10-02 00:00:00,15-09-1997,2,352.69,save-a-lot markets,187  SUFFOLK  LN.,Boise,ID,83720,USA
10658,QUICK,4,05-09-1997,1997-10-03 00:00:00.000,1997/09/08,1,364.15,  QUICK-STOP  ,TAUCHERSTRASSE  10,Cunewalde,,01307,Germany
10659,QUEEN,7,1997-09-05 00:00:00.000,10/03/1997,1997-09-10 00:00:00.000,2,105.81,QUEEN COZINHA,"Alameda dos Canàrios, 891",SAO PAULO,SP,05487-020,Brazil
10660,HUNGC,8,1997-09-08 00:00:00.000,1997-10-06 00:00:00,1997/10/15,1,111.29,Hungry Coyote Import Store,  City Center Plaza 516 Main St.  ,Elgin,OR,97827,USA
10661,HUNGO,7,1997-09-09 00:00:00.000,07.10.1997,15-09-1997,3,17.55,Hungry Owl All-Night Grocers,8 Johnstown Road,  CORK  ,Co. Cork,,Ireland
10662,LONEP,3,09-09-1997,1997-10-07 00:00:00,1997-09-18 00:00:00.000,2,1.28,Lonesome Pine Restaurant,  89 chiaroscuro rd.  ,PORTLAND,OR,97219,USA
10663,BONAP,2,10.09.1997,1997-09-24 00:00:00,10/03/1997,2,113.15,Bon  app',"12,  RUE  DES  BOUCHERS",Marseille,,13008,France
10664,FURIB,1,09/10/1997,1997-10-08 00:00:00.000,1997-09-19 00:00:00,3,1.27,  Furia Bacalhau e Frutos do Mar  ,Jardim das rosas n. 32,Lisboa,,1675,Portugal
10665,LONEP,1,1997/09/11,09-10-1997,1997-09-17 00:00:00.000,2,26.31,Lonesome  Pine  Restaurant,89 Chiaroscuro Rd.,  Portland  ,OR,97219,USA
10666,RICSU,7,1997-09-12 00:00:00.000,1997-10-10 00:00:00.000,22.09.1997,2,232.42,RICHTER SUPERMARKT,STARENWEG 5,  Genève  ,,1204,Switzerland
10667,ERNSH,7,1997-09-12 00:00:00.000,1997-10-10 00:00:00,09/19/1997,1,78.09,ernst handel,Kirchgasse 6,Graz,,8010,Austria
10668,WANDK,1,1997-09-15 00:00:00.000,1997-10-13 00:00:00.000,1997-09-23 00:00:00.000,2,47.22,die wandernde kuh,Adenauerallee  900,stuttgart,,70563,Germany
10669,SIMOB,2,09/15/1997,13.10.1997,1997-09-22 00:00:00.000,1,24.39,Simons bistro,  VINBÆLTET 34  ,Kobenhavn,,1734,Denmark
10670,FRANK,4,09/16/1997,1997-10-14 00:00:00.000,18-09-1997,1,203.48,frankenversand,Berliner Platz 43,münchen,,80805,Germany
10671,FRANR,1,1997-09-17 00:00:00,1997-10-15 00:00:00.000,24.09.1997,1,30.34,France  restauration,"54, rue royale",Nantes,,44000,France
10672,BERGS,9,1997/09/17,01.10.1997,09/26/1997,2,95.75,berglunds snabbköp,  Berguvsvägen  8  ,Luleå,,S-958 22,Sweden
10673,WILMK,2,1997-09-18 00:00:00.000,1997/10/16,1997-09-19 00:00:00.000,1,22.76,Wilman  Kala,Keskuskatu 45,Helsinki,,21240,Finland
10674,ISLAT,4,09/18/1997,16-10-1997,09/30/1997,2,0.9,ISLAND  TRADING,GARDEN HOUSE CROWTHER WAY,Cowes,Isle of Wight,PO31 7PJ,UK
10675,FRANK,5,1997-09-19 00:00:00.000,17.10.1997,1997-09-23 00:00:00.000,2,31.85,Frankenversand,Berliner Platz 43,  MÜNCHEN  ,,80805,Germany
10676,TORTU,2,1997-09-22 00:00:00.000,20.10.1997,1997-09-29 00:00:00.000,2,2.01,Tortuga Restaurante,Avda. Azteca 123,México D.F.,,05033,Mexico
10677,ANTON,1,1997-09-22 00:00:00,1997-10-20 00:00:00.000,26-09-1997,3,4.03,Antonio Moreno Taquería,Mataderos  2312,México D.F.,,05023,Mexico
10678,SAVEA,7,23.09.1997,1997-10-21 00:00:00.000,1997-10-16 00:00:00.000,3,388.98,Save-a-lot Markets,  187 Suffolk Ln.  ,Boise,ID,83720,USA
10679,BLONP,8,23.09.1997,1997-10-21 00:00:00.000,1997-09-30 00:00:00.000,3,27.94,Blondel père et fils,"24,  PLACE  KLÉBER",strasbourg,,67000,France
10680,OLDWO,1,1997-09-24 00:00:00,22.10.1997,1997-09-26 00:00:00.000,1,26.61,Old World Delicatessen,  2743 Bering St.  ,ANCHORAGE,AK,99508,USA
10681,GREAL,3,1997-09-25 00:00:00.000,1997-10-23 00:00:00.000,30-09-1997,3,76.13,Great Lakes Food Market,2732 BAKER BLVD.,  eugene  ,OR,97403,USA
10682,ANTON,3,1997-09-25 00:00:00.000,23.10.1997,01.10.1997,2,36.13,antonio moreno taquería,Mataderos  2312,México D.F.,,05023,Mexico
10683,DUMON,2,26.09.1997,1997-10-24 00:00:00.000,10/01/1997,1,4.4,Du monde entier,"67, rue des Cinquante Otages",Nantes,,44000,France
10684,OTTIK,3,1997-09-26 00:00:00.000,24-10-1997,1997-09-30 00:00:00.000,1,145.63,ottilies käseladen,mehrheimerstr. 369,Köln,,50739,Germany
10685,GOURL,4,1997/09/29,13.10.1997,1997-10-03 00:00:00.000,2,33.75,Gourmet Lanchonetes,"Av. Brasil, 442",Campinas,SP,04876-786,Brazil
10686,PICCO,2,09/30/1997,10/28/1997,1997-10-08 00:00:00.000,1,96.5,Piccolo  und  mehr,Geislweg 14,Salzburg,,5020,Austria
10687,HUNGO,9,1997-09-30 00:00:00.000,1997-10-28 00:00:00,1997-10-30 00:00:00,2,296.43,Hungry Owl All-Night Grocers,8 JOHNSTOWN ROAD,Cork,Co. Cork,,Ireland
10688,VAFFE,4,01-10-1997,1997-10-15 00:00:00.000,1997-10-07 00:00:00.000,2,299.09,Vaffeljernet,  smagsloget 45  ,Århus,,8200,Denmark
10689,BERGS,1,01.10.1997,1997-10-29 00:00:00.000,1997/10/07,2,13.42,berglunds snabbköp,Berguvsvägen  8,Luleå,,S-958 22,Sweden
10690,HANAR,1,1997/10/02,1997-10-30 00:00:00.000,1997-10-03 00:00:00.000,1,15.8,  Hanari Carnes  ,"Rua do Paço, 67",Rio de Janeiro,RJ,05454-876,Brazil
10691,QUICK,2,03-10-1997,1997-11-14 00:00:00.000,22.10.1997,2,810.05,  QUICK-Stop  ,Taucherstraße  10,CUNEWALDE,,01307,Germany
10692,ALFKI,4,1997-10-03 00:00:00.000,31-10-1997,1997/10/13,2,61.02,Alfred's Futterkiste,Obere  Str.  57,Berlin,,12209,Germany
10693,WHITC,3,1997-10-06 00:00:00.000,1997/10/20,10/10/1997,3,139.34,White Clover Markets,1029 - 12th Ave. S.,SEATTLE,WA,98124,USA
10694,QUICK,8,1997-10-06 00:00:00.000,1997-11-03 00:00:00.000,1997/10/09,3,398.36,QUICK-Stop,TAUCHERSTRASSE 10,  Cunewalde  ,,01307,Germany
10695,WILMK,7,07.10.1997,1997-11-18 00:00:00.000,1997-10-14 00:00:00.000,1,16.72,Wilman Kala,Keskuskatu 45,Helsinki,,21240,Finland
10696,WHITC,8,08.10.1997,1997-11-19 00:00:00.000,1997-10-14 00:00:00.000,3,102.55,White Clover Markets,1029 - 12th Ave. S.,SEATTLE,WA,98124,USA
10697,LINOD,3,1997-10-08 00:00:00,1997-11-05 00:00:00.000,14.10.1997,1,45.52,  LINO-DELICATESES  ,Ave. 5 de Mayo Porlamar,i. de margarita,Nueva Esparta,4980,Venezuela
10698,ERNSH,4,1997-10-09 00:00:00.000,06-11-1997,17.10.1997,1,272.47,ERNST  HANDEL,Kirchgasse 6,Graz,,8010,Austria
10699,MORGK,3,1997-10-09 00:00:00.000,06.11.1997,13-10-1997,3,0.58,Morgenstern Gesundkost,Heerstr. 22,Leipzig,,04179,Germany
10700,SAVEA,3,10/10/1997,11/07/1997,1997-10-16 00:00:00.000,1,65.1,  Save-a-lot Markets  ,187 Suffolk Ln.,Boise,ID,83720,USA
10701,HUNGO,6,1997-10-13 00:00:00.000,1997-10-27 00:00:00.000,15-10-1997,3,220.31,hungry  owl  all-night  grocers,8  Johnstown  Road,Cork,Co. Cork,,Ireland
10702,ALFKI,4,1997-10-13 00:00:00.000,11/24/1997,1997-10-21 00:00:00.000,1,23.94,  Alfred's Futterkiste  ,Obere Str. 57,Berlin,,12209,Germany
10703,FOLKO,6,14.10.1997,1997-11-11 00:00:00.000,1997-10-20 00:00:00.000,2,152.3,folk och fä hb,  Åkergatan 24  ,Bräcke,,S-844 67,Sweden
10704,QUEEN,6,1997/10/14,1997-11-11 00:00:00.000,1997-11-07 00:00:00.000,1,4.78,Queen  Cozinha,"ALAMEDA DOS CANÀRIOS, 891",Sao Paulo,SP,05487-020,Brazil
10705,HILAA,9,1997/10/15,1997-11-12 00:00:00.000,18.11.1997,2,3.52,HILARION-ABASTOS,  Carrera 22 con Ave. Carlos Soublette #8-35  ,san cristóbal,Táchira,5022,Venezuela
10706,OLDWO,8,1997-10-16 00:00:00.000,1997-11-13 00:00:00,1997-10-21 00:00:00.000,3,135.63,Old World Delicatessen,2743 Bering St.,Anchorage,AK,99508,USA
10707,AROUT,4,1997-10-16 00:00:00.000,1997-10-30 00:00:00.000,1997-10-23 00:00:00.000,3,21.74,  AROUND THE HORN  ,  Brook Farm Stratford St. Mary  ,Colchester,Essex,CO7 6JX,UK
10708,THEBI,6,1997-10-17 00:00:00.000,1997/11/28,1997-11-05 00:00:00.000,2,2.96,The Big Cheese,89 Jefferson Way Suite 2,Portland,OR,97201,USA
10709,GOURL,1,1997-10-17 00:00:00.000,14-11-1997,1997-11-20 00:00:00.000,3,210.8,Gourmet Lanchonetes,"AV.  BRASIL,  442",campinas,SP,04876-786,Brazil
10710,FRANS,1,1997-10-20 00:00:00.000,1997-11-17 00:00:00.000,1997/10/23,1,4.98,Franchi S.p.A.,  Via Monte Bianco 34  ,torino,,10100,Italy
10711,SAVEA,5,1997-10-21 00:00:00,1997-12-02 00:00:00,1997-10-29 00:00:00.000,2,52.41,Save-a-lot Markets,187 suffolk ln.,Boise,ID,83720,USA
10712,HUNGO,3,21.10.1997,18.11.1997,10/31/1997,1,89.93,hungry owl all-night grocers,  8 johnstown road  ,CORK,Co. Cork,,Ireland
10713,SAVEA,1,1997-10-22 00:00:00.000,19-11-1997,1997-10-24 00:00:00.000,1,167.05,Save-a-lot Markets,187 suffolk ln.,boise,ID,83720,USA
10714,SAVEA,5,1997-10-22 00:00:00.000,19-11-1997,1997-10-27 00:00:00,3,24.49,save-a-lot markets,  187 Suffolk Ln.  ,Boise,ID,83720,USA
10715,BONAP,3,1997-10-23 00:00:00.000,1997-11-06 00:00:00.000,29-10-1997,1,63.2,Bon app',"  12, rue des Bouchers  ",  MARSEILLE  ,,13008,France
10716,RANCH,4,24.10.1997,1997-11-21 00:00:00.000,1997-10-27 00:00:00.000,2,22.57,RANCHO GRANDE,Av. del Libertador 900,Buenos  Aires,,1010,Argentina
10717,FRANK,1,1997-10-24 00:00:00.000,1997/11/21,1997-10-29 00:00:00.000,2,59.25,  Frankenversand  ,  BERLINER PLATZ 43  ,München,,80805,Germany
10718,KOENE,1,27-10-1997,24-11-1997,1997/10/29,3,170.88,Königlich Essen,Maubelstr. 90,  Brandenburg  ,,14776,Germany
10719,LETSS,8,1997/10/27,1997-11-24 00:00:00.000,1997-11-05 00:00:00.000,2,51.44,  Let's Stop N Shop  ,87  Polk  St.  Suite  5,San  Francisco,CA,94117,USA
10720,QUEDE,8,1997-10-28 00:00:00,1997-11-11 00:00:00.000,1997-11-05 00:00:00.000,2,9.53,Que Delícia,"Rua da Panificadora, 12",Rio  de  Janeiro,RJ,02389-673,Brazil
10721,QUICK,5,29-10-1997,1997-11-26 00:00:00.000,1997-10-31 00:00:00.000,3,48.92,QUICK-Stop,  Taucherstraße 10  ,  Cunewalde  ,,01307,Germany
10722,SAVEA,8,29-10-1997,1997-12-10 00:00:00.000,1997-11-04 00:00:00.000,1,74.58,SAVE-A-LOT  MARKETS,  187 SUFFOLK LN.  ,  boise  ,ID,83720,USA
10723,WHITC,3,30.10.1997,1997-11-27 00:00:00,11/25/1997,1,21.72,white clover markets,1029  -  12th  Ave.  S.,Seattle,WA,98124,USA
10724,MEREP,8,1997-10-30 00:00:00.000,1997-12-11 00:00:00.000,05-11-1997,2,57.75,  Mère Paillarde  ,43  rue  St.  Laurent,MONTRÉAL,Québec,H1J 1C3,Canada
10725,FAMIA,4,1997-10-31 00:00:00.000,11/28/1997,1997-11-05 00:00:00,3,10.83,Familia Arquibaldo,"rua  orós,  92",Sao Paulo,SP,05442-030,Brazil
10726,EASTC,4,1997-11-03 00:00:00.000,17-11-1997,1997-12-05 00:00:00.000,1,16.56,Eastern  Connection,35 King George,LONDON,,WX3 6FW,UK
10727,REGGC,2,03-11-1997,1997-12-01 00:00:00.000,1997-12-05 00:00:00,1,89.9,Reggiani Caseifici,Strada Provinciale 124,  Reggio Emilia  ,,42100,Italy
10728,QUEEN,4,1997-11-04 00:00:00.000,1997-12-02 00:00:00,1997-11-11 00:00:00.000,2,3239.0,Queen  Cozinha,"Alameda  dos  Canàrios,  891",  Sao Paulo  ,SP,05487-020,Brazil
10729,LINOD,8,1997-11-04 00:00:00.000,1997-12-16 00:00:00.000,1997-11-14 00:00:00.000,3,-141.06,lino-delicateses,ave.  5  de  mayo  porlamar,I. de Margarita,Nueva Esparta,4980,Venezuela
10730,BONAP,5,1997-11-05 00:00:00.000,03.12.1997,1997-11-14 00:00:00.000,1,20.12,BON APP',"12, RUE DES BOUCHERS",MARSEILLE,,13008,France
10731,CHOPS,7,1997-11-06 00:00:00,1997-12-04 00:00:00.000,1997/11/14,1,96.65,Chop-suey Chinese,HAUPTSTR. 31,Bern,,3012,Switzerland
10732,BONAP,3,06-11-1997,1997-12-04 00:00:00.000,1997-11-07 00:00:00.000,1,16.97,Bon  app',"12,  rue  des  Bouchers",  marseille  ,,13008,France
10733,BERGS,1,07.11.1997,1997-12-05 00:00:00.000,1997-11-10 00:00:00.000,3,110.11,Berglunds snabbköp,  berguvsvägen  8  ,  Luleå  ,,S-958 22,Sweden
10734,GOURL,2,11/07/1997,05.12.1997,1997-11-12 00:00:00.000,3,1.63,Gourmet Lanchonetes,"Av. Brasil, 442",Campinas,SP,04876-786,Brazil
10735,LETSS,6,1997-11-10 00:00:00.000,1997-12-08 00:00:00.000,1997-11-21 00:00:00.000,2,45.97,LET'S  STOP  N  SHOP,87 POLK ST. SUITE 5,  san francisco  ,CA,94117,USA
10736,HUNGO,9,1997-11-11 00:00:00.000,12/09/1997,1997-11-21 00:00:00.000,2,44.1,Hungry Owl All-Night Grocers,8 Johnstown Road,Cork,Co. Cork,,Ireland
10737,VINET,2,1997-11-11 00:00:00.000,1997/12/09,1997-11-18 00:00:00.000,2,7.79,Vins et alcools Chevalier,59 rue de l'abbaye,REIMS,,51100,France
10738,SPECD,2,1997-11-12 00:00:00.000,1997-12-10 00:00:00.000,1997-11-18 00:00:00.000,1,2.91,Spécialités du monde,"25,  rue  Lauriston",paris,,75016,France
10739,VINET,3,1997-11-12 00:00:00,1997-12-10 00:00:00.000,nan,3,11.08,Vins et alcools Chevalier,59 RUE DE L'ABBAYE,  Reims  ,,51100,France
10740,WHITC,4,13-11-1997,11.12.1997,1997-11-25 00:00:00.000,2,81.88,White Clover Markets,1029 - 12th Ave. S.,  SEATTLE  ,WA,98124,USA
10741,AROUT,4,11/14/1997,28.11.1997,1997-11-18 00:00:00.000,3,10.96,Around the Horn,Brook Farm Stratford St. Mary,Colchester,Essex,CO7 6JX,UK
10742,BOTTM,3,11/14/1997,12.12.1997,1997-11-18 00:00:00.000,3,243.73,Bottom-Dollar Markets,23  Tsawassen  Blvd.,Tsawassen,BC,T2F 8M4,Canada
10743,AROUT,1,1997-11-17 00:00:00.000,15.12.1997,1997-11-21 00:00:00,2,23.72,AROUND THE HORN,  Brook Farm Stratford St. Mary  ,colchester,Essex,CO7 6JX,UK
10744,VAFFE,6,1997-11-17 00:00:00.000,1997-12-15 00:00:00,1997-11-24 00:00:00.000,1,1916.0,  VAFFELJERNET  ,Smagsloget 45,Århus,,8200,Denmark
10745,QUICK,9,1997-11-18 00:00:00.000,1997/12/16,1997-11-27 00:00:00.000,1,3.52,QUICK-Stop,Taucherstraße 10,Cunewalde,,01307,Germany
10746,CHOPS,1,1997-11-19 00:00:00,12/17/1997,11/21/1997,3,31.43,Chop-suey Chinese,HAUPTSTR. 31,  Bern  ,,3012,Switzerland
10747,PICCO,6,11/19/1997,1997/12/17,26-11-1997,1,117.33,  Piccolo und mehr  ,Geislweg 14,Salzburg,,5020,Austria
10748,SAVEA,3,20.11.1997,1997-12-18 00:00:00.000,1997-11-28 00:00:00.000,1,232.55,Save-a-lot Markets,  187 suffolk ln.  ,Boise,ID,83720,USA
10749,ISLAT,4,1997-11-20 00:00:00.000,1997-12-18 00:00:00.000,12/19/1997,2,61.53,  Island Trading  ,Garden House Crowther Way,  cowes  ,Isle of Wight,PO31 7PJ,UK
10750,WARTH,9,1997-11-21 00:00:00,1997-12-19 00:00:00.000,11/24/1997,1,79.3,Wartian Herkku,TORIKATU 38,Oulu,,90110,Finland
10751,RICSU,3,1997-11-24 00:00:00.000,1997/12/22,1997-12-03 00:00:00.000,3,130.79,Richter Supermarkt,Starenweg 5,Genève,,1204,Switzerland
10752,NORTS,2,1997-11-24 00:00:00.000,22-12-1997,11/28/1997,3,1.39,NORTH/SOUTH,SOUTH HOUSE 300 QUEENSBRIDGE,London,,SW7 1RZ,UK
10753,FRANS,3,1997-11-25 00:00:00.000,1997-12-23 00:00:00.000,1997/11/27,1,7.7,Franchi  S.p.A.,via monte bianco 34,Torino,,10100,Italy
10754,MAGAA,6,11/25/1997,1997/12/23,11/27/1997,3,2.38,MAGAZZINI ALIMENTARI RIUNITI,Via Ludovico il Moro 22,Bergamo,,24100,Italy
10755,BONAP,4,1997-11-26 00:00:00.000,1997-12-24 00:00:00.000,28-11-1997,2,16.71,Bon app',"  12, rue des Bouchers  ",  Marseille  ,,13008,France
10756,SPLIR,8,1997-11-27 00:00:00,1997-12-25 00:00:00,12/02/1997,2,73.21,Split Rail Beer & Ale,P.O. Box 555,lander,WY,82520,USA
10757,SAVEA,6,1997-11-27 00:00:00.000,1997-12-25 00:00:00.000,15.12.1997,1,8.19,SAVE-A-LOT  MARKETS,187  Suffolk  Ln.,BOISE,ID,83720,USA
10758,RICSU,3,1997-11-28 00:00:00.000,1997-12-26 00:00:00.000,04-12-1997,3,138.17,  Richter Supermarkt  ,Starenweg 5,Genève,,1204,Switzerland
10759,ANATR,3,28.11.1997,1997-12-26 00:00:00.000,12-12-1997,3,11.99,  Ana Trujillo Emparedados y helados  ,Avda. de la Constitución 2222,México D.F.,,05021,Mexico
10760,MAISD,4,01.12.1997,1997-12-29 00:00:00,10-12-1997,1,155.64,Maison Dewey,  rue joseph-bens 532  ,bruxelles,,B-1180,Belgium
10761,RATTC,5,1997-12-02 00:00:00.000,1997-12-30 00:00:00,1997-12-08 00:00:00.000,2,18.66,rattlesnake  canyon  grocery,2817 Milton Dr.,Albuquerque,NM,87110,USA
10762,FOLKO,3,02.12.1997,1997-12-30 00:00:00,09-12-1997,1,328.74,  Folk och fä HB  ,ÅKERGATAN 24,BRÄCKE,,S-844 67,Sweden
10763,FOLIG,3,1997-12-03 00:00:00.000,1997-12-31 00:00:00.000,1997-12-08 00:00:00.000,3,37.35,Folies gourmandes,"184, chaussée de Tournai",Lille,,59000,France
10764,ERNSH,6,1997/12/03,1997-12-31 00:00:00.000,1997-12-08 00:00:00.000,3,145.45,Ernst Handel,kirchgasse 6,GRAZ,,8010,Austria
10765,QUICK,3,1997-12-04 00:00:00.000,1998-01-01 00:00:00.000,1997/12/09,3,42.74,QUICK-Stop,Taucherstraße  10,CUNEWALDE,,01307,Germany
10766,OTTIK,4,1997-12-05 00:00:00.000,1998-01-02 00:00:00,nan,1,157.55,OTTILIES KÄSELADEN,Mehrheimerstr. 369,KÖLN,,50739,Germany
10767,SUPRD,4,1997-12-05 00:00:00.000,1998/01/02,1997-12-15 00:00:00.000,3,1.59,Suprêmes délices,"  Boulevard Tirou, 255  ",Charleroi,,B-6000,Belgium
10768,AROUT,3,1997-12-08 00:00:00,01/05/1998,1997-12-15 00:00:00.000,2,146.32,  Around the Horn  ,Brook Farm Stratford St. Mary,Colchester,Essex,CO7 6JX,UK
10769,VAFFE,3,1997-12-08 00:00:00,1998/01/05,1997-12-12 00:00:00.000,1,65.06,VAFFELJERNET,Smagsloget 45,Århus,,8200,Denmark
10770,HANAR,8,09-12-1997,06-01-1998,1997-12-17 00:00:00.000,3,5.32,  Hanari Carnes  ,"RUA DO PAÇO, 67",rio  de  janeiro,RJ,05454-876,Brazil
10771,ERNSH,9,10.12.1997,1998-01-07 00:00:00.000,1998-01-02 00:00:00.000,2,11.19,Ernst Handel,Kirchgasse 6,GRAZ,,8010,Austria
10772,LEHMS,3,1997-12-10 00:00:00.000,1998/01/07,1997-12-19 00:00:00,2,91.28,Lehmanns  Marktstand,Magazinweg 7,Frankfurt a.M.,,60528,Germany
10773,ERNSH,1,1997-12-11 00:00:00,1998-01-08 00:00:00.000,12/16/1997,3,96.43,Ernst Handel,Kirchgasse 6,graz,,8010,Austria
10774,FOLKO,4,11-12-1997,1997-12-25 00:00:00.000,12.12.1997,1,48.2,Folk och fä HB,  åkergatan 24  ,Bräcke,,S-844 67,Sweden
10775,THECR,7,1997-12-12 00:00:00.000,09.01.1998,1997-12-26 00:00:00.000,1,20.25,THE CRACKER BOX,55 Grizzly Peak Rd.,  Butte  ,MT,59801,USA
10776,ERNSH,1,12/15/1997,1998-01-12 00:00:00.000,18.12.1997,3,351.53,Ernst Handel,  KIRCHGASSE 6  ,Graz,,8010,Austria
10777,GOURL,7,1997-12-15 00:00:00.000,1997-12-29 00:00:00.000,21-01-1998,2,3.01,Gourmet Lanchonetes,"Av. Brasil, 442",Campinas,SP,04876-786,Brazil
10778,BERGS,3,1997-12-16 00:00:00.000,1998-01-13 00:00:00.000,1997-12-24 00:00:00.000,1,6.79,BERGLUNDS SNABBKÖP,Berguvsvägen    8,Luleå,,S-958 22,Sweden
10779,MORGK,3,16.12.1997,13-01-1998,14.01.1998,2,58.13,Morgenstern  Gesundkost,Heerstr. 22,LEIPZIG,,04179,Germany
10780,LILAS,2,1997/12/16,1997-12-30 00:00:00.000,1997-12-25 00:00:00.000,1,42.13,lila-supermercado,  Carrera 52 con Ave. Bolívar #65-98 Llano Largo  ,  Barquisimeto  ,Lara,3508,Venezuela
10781,WARTH,2,1997-12-17 00:00:00.000,1998/01/14,19.12.1997,3,73.16,wartian  herkku,TORIKATU 38,Oulu,,90110,Finland
10782,CACTU,9,17-12-1997,14-01-1998,12/22/1997,3,1.1,Cactus Comidas para llevar,Cerrito  333,buenos aires,,1010,Argentina
10783,HANAR,4,1997-12-18 00:00:00.000,1998-01-15 00:00:00.000,19-12-1997,2,124.98,  hanari carnes  ,"Rua do Paço, 67",Rio de Janeiro,RJ,05454-876,Brazil
10784,MAGAA,4,1997-12-18 00:00:00,15.01.1998,1997/12/22,3,70.09,magazzini alimentari riuniti,  Via Ludovico il Moro 22  ,Bergamo,,24100,Italy
10785,GROSR,1,1997-12-18 00:00:00.000,1998-01-15 00:00:00.000,nan,3,55.87,  grosella-restaurante  ,5ª Ave. Los Palos Grandes,CARACAS,DF,1081,Venezuela
10786,QUEEN,8,12/19/1997,1998-01-16 00:00:00.000,1997/12/23,1,110.87,Queen Cozinha,"  Alameda dos Canàrios, 891  ",Sao  Paulo,SP,05487-020,Brazil
10787,LAMAI,2,1997-12-19 00:00:00.000,01/02/1998,26-12-1997,1,249.93,La maison d'Asie,1  rue  alsace-lorraine,toulouse,,31000,France
10788,QUICK,1,22.12.1997,1998/01/19,1998/01/19,2,42.7,QUICK-Stop,TAUCHERSTRASSE 10,  Cunewalde  ,,01307,Germany
10789,FOLIG,1,1997-12-22 00:00:00.000,19.01.1998,31.12.1997,2,100.6,Folies gourmandes,"  184, chaussée de Tournai  ",Lille,,59000,France
10790,GOURL,6,1997-12-22 00:00:00.000,1998-01-19 00:00:00.000,1997-12-26 00:00:00.000,1,28.23,GOURMET  LANCHONETES,"AV.  BRASIL,  442",Campinas,SP,04876-786,Brazil
10791,FRANK,6,1997-12-23 00:00:00,1998/01/20,01/01/1998,2,16.85,  Frankenversand  ,Berliner  Platz  43,München,,80805,Germany
10792,WOLZA,1,1997-12-23 00:00:00.000,1998-01-20 00:00:00,1997-12-31 00:00:00,3,23.79,Wolski Zajazd,  ul. Filtrowa 68  ,  Warszawa  ,,01-012,Poland
10793,AROUT,3,1997-12-24 00:00:00.000,21.01.1998,1998-01-08 00:00:00.000,3,4.52,around the horn,brook farm stratford st. mary,  Colchester  ,Essex,CO7 6JX,UK
10794,QUEDE,6,24-12-1997,1998/01/21,02-01-1998,1,21.49,Que  Delícia,"rua  da  panificadora,  12",RIO  DE  JANEIRO,RJ,02389-673,Brazil
10795,ERNSH,8,1997-12-24 00:00:00.000,21-01-1998,20-01-1998,2,126.66,  Ernst Handel  ,Kirchgasse  6,Graz,,8010,Austria
10796,HILAA,3,25-12-1997,1998-01-22 00:00:00.000,01/14/1998,1,26.52,HILARION-ABASTOS,Carrera  22  con  Ave.  Carlos  Soublette  #8-35,  San Cristóbal  ,Táchira,5022,Venezuela
10797,DRACD,7,1997-12-25 00:00:00.000,1998-01-22 00:00:00.000,1998-01-05 00:00:00,2,33.35,Drachenblut Delikatessen,walserweg 21,Aachen,,52066,Germany
10798,ISLAT,2,1997-12-26 00:00:00,1998/01/23,05-01-1998,1,2.33,Island  Trading,Garden  House  Crowther  Way,COWES,Isle of Wight,PO31 7PJ,UK
10799,KOENE,9,1997-12-26 00:00:00.000,1998-02-06 00:00:00,1998-01-05 00:00:00.000,3,30.76,KÖNIGLICH  ESSEN,  Maubelstr. 90  ,Brandenburg,,14776,Germany
10800,SEVES,1,1997-12-26 00:00:00.000,01/23/1998,1998-01-05 00:00:00.000,3,137.44,Seven Seas Imports,90 Wadhurst Rd.,London,,OX15 4NB,UK
10801,BOLID,4,12/29/1997,26.01.1998,1997-12-31 00:00:00.000,2,97.09,bólido comidas preparadas,"C/ ARAQUIL, 67",madrid,,28023,Spain
10802,SIMOB,4,1997-12-29 00:00:00.000,01/26/1998,1998-01-02 00:00:00.000,2,257.26,  SIMONS BISTRO  ,Vinbæltet  34,  Kobenhavn  ,,1734,Denmark
10803,WELLI,99,1997-12-30 00:00:00.000,1998-01-27 00:00:00.000,1998-01-06 00:00:00.000,1,55.23,wellington importadora,"Rua do Mercado, 12",Resende,SP,08737-363,Brazil
10804,SEVES,6,1997-12-30 00:00:00.000,1998-01-27 00:00:00,1998-01-07 00:00:00.000,2,27.33,Seven  Seas  Imports,90 Wadhurst Rd.,  London  ,,OX15 4NB,UK
10805,THEBI,2,1997-12-30 00:00:00,1998-01-27 00:00:00,1998-01-09 00:00:00.000,3,237.34,THE BIG CHEESE,89 Jefferson Way Suite 2,  Portland  ,OR,97201,USA
10806,VICTE,3,1997-12-31 00:00:00.000,28-01-1998,1998-01-05 00:00:00.000,2,22.11,Victuailles en stock,"  2, rue du Commerce  ",lyon,,69004,France
10807,FRANS,4,1997-12-31 00:00:00.000,1998-01-28 00:00:00.000,30-01-1998,1,1.36,Franchi  S.p.A.,via monte bianco 34,Torino,,10100,Italy
10808,OLDWO,2,1998/01/01,1998-01-29 00:00:00.000,1998/01/09,3,45.53,Old World Delicatessen,2743 bering st.,anchorage,AK,99508,USA
10809,WELLI,7,01-01-1998,1998/01/29,1998-01-07 00:00:00,1,4.87,WELLINGTON IMPORTADORA,"RUA DO MERCADO, 12",Resende,SP,08737-363,Brazil
10810,LAUGB,2,01-01-1998,01/29/1998,07.01.1998,3,4.33,Laughing Bacchus Wine Cellars,  2319 Elm St.  ,Vancouver,BC,V3F 2K1,Canada
10811,LINOD,8,1998-01-02 00:00:00,1998-01-30 00:00:00.000,1998-01-08 00:00:00.000,1,31.22,LINO-Delicateses,ave. 5 de mayo porlamar,I. de Margarita,Nueva Esparta,4980,Venezuela
10812,REGGC,5,01/02/1998,30.01.1998,1998-01-12 00:00:00,1,59.78,  reggiani caseifici  ,Strada Provinciale 124,Reggio Emilia,,42100,Italy
10813,RICAR,1,1998-01-05 00:00:00.000,1998/02/02,09.01.1998,1,47.38,  ricardo adocicados  ,"AV.  COPACABANA,  267",  RIO DE JANEIRO  ,RJ,02389-890,Brazil
10814,VICTE,3,05.01.1998,1998-02-02 00:00:00.000,1998-01-14 00:00:00.000,3,130.94,Victuailles en stock,"2, RUE DU COMMERCE",LYON,,69004,France
10815,SAVEA,2,01/05/1998,1998-02-02 00:00:00.000,1998/01/14,3,14.62,Save-a-lot Markets,187  Suffolk  Ln.,Boise,ID,83720,USA
10816,GREAL,4,1998-01-06 00:00:00.000,03.02.1998,1998-02-04 00:00:00.000,2,719.78,Great Lakes Food Market,2732 baker blvd.,EUGENE,OR,97403,USA
10817,KOENE,3,1998/01/06,1998-01-20 00:00:00.000,01/13/1998,2,306.07,Königlich  Essen,Maubelstr. 90,brandenburg,,14776,Germany
10818,MAGAA,7,07-01-1998,1998-02-04 00:00:00.000,1998/01/12,3,65.48,  Magazzini Alimentari Riuniti  ,Via  Ludovico  il  Moro  22,Bergamo,,24100,Italy
10819,CACTU,2,07.01.1998,1998-02-04 00:00:00.000,01/16/1998,3,19.76,Cactus Comidas para llevar,Cerrito 333,Buenos Aires,,1010,Argentina
10820,RATTC,3,1998-01-07 00:00:00.000,02/04/1998,01/13/1998,2,37.52,Rattlesnake  Canyon  Grocery,2817  Milton  Dr.,albuquerque,NM,87110,USA
10821,SPLIR,1,1998-01-08 00:00:00.000,1998/02/05,1998-01-15 00:00:00.000,1,36.68,split rail beer & ale,P.O. Box 555,LANDER,WY,82520,USA
10822,TRAIH,6,1998-01-08 00:00:00.000,1998-02-05 00:00:00.000,1998-01-16 00:00:00.000,3,7.0,Trail's  Head  Gourmet  Provisioners,722  DaVinci  Blvd.,Kirkland,WA,98034,USA
10823,LILAS,5,1998-01-09 00:00:00.000,1998-02-06 00:00:00.000,1998/01/13,2,163.97,LILA-Supermercado,carrera  52  con  ave.  bolívar  #65-98  llano  largo,Barquisimeto,Lara,3508,Venezuela
10824,FOLKO,8,1998-01-09 00:00:00.000,1998-02-06 00:00:00.000,01/30/1998,1,1.23,Folk  och  fä  HB,ÅKERGATAN  24,  Bräcke  ,,S-844 67,Sweden
10825,DRACD,1,1998-01-09 00:00:00.000,1998-02-06 00:00:00.000,1998-01-14 00:00:00.000,1,79.25,drachenblut  delikatessen,Walserweg 21,Aachen,,52066,Germany
10826,BLONP,6,12-01-1998,1998-02-09 00:00:00.000,1998-02-06 00:00:00.000,1,7.09,BLONDEL PÈRE ET FILS,"24, place Kléber",Strasbourg,,67000,France
10827,BONAP,1,12-01-1998,1998-01-26 00:00:00,nan,2,63.54,BON APP',"12,  rue  des  Bouchers",Marseille,,13008,France
10828,RANCH,9,1998-01-13 00:00:00,27-01-1998,1998-02-04 00:00:00.000,1,90.85,  Rancho grande  ,AV. DEL LIBERTADOR 900,  Buenos Aires  ,,1010,Argentina
10829,ISLAT,9,1998-01-13 00:00:00.000,1998-02-10 00:00:00.000,1998-01-23 00:00:00.000,1,154.72,  Island Trading  ,GARDEN HOUSE CROWTHER WAY,Cowes,Isle of Wight,PO31 7PJ,UK
10830,TRADH,4,1998-01-13 00:00:00.000,1998-02-24 00:00:00.000,1998-01-21 00:00:00.000,2,81.83,tradiçao hipermercados,"Av. Inês de Castro, 414",  Sao Paulo  ,SP,05634-030,Brazil
10831,SANTG,3,14.01.1998,1998-02-11 00:00:00,01/23/1998,2,72.19,  Santé Gourmet  ,ERLING SKAKKES GATE 78,Stavern,,4110,Norway
10832,LAMAI,2,1998-01-14 00:00:00.000,1998-02-11 00:00:00,1998-01-19 00:00:00.000,2,43.26,LA MAISON D'ASIE,  1 rue Alsace-Lorraine  ,TOULOUSE,,31000,France
10833,OTTIK,6,1998-01-15 00:00:00.000,12-02-1998,1998-01-23 00:00:00,2,71.49,Ottilies Käseladen,Mehrheimerstr. 369,köln,,50739,Germany
10834,TRADH,1,1998-01-15 00:00:00.000,1998-02-12 00:00:00.000,1998-01-19 00:00:00.000,3,29.78,Tradiçao Hipermercados,"Av. Inês de Castro, 414",Sao  Paulo,SP,05634-030,Brazil
10835,ALFKI,1,1998-01-15 00:00:00.000,1998/02/12,01/21/1998,3,69.53,Alfred's Futterkiste,obere str. 57,Berlin,,12209,Germany
10836,ERNSH,7,1998-01-16 00:00:00.000,13.02.1998,21-01-1998,1,411.88,ERNST HANDEL,KIRCHGASSE 6,graz,,8010,Austria
10837,BERGS,9,1998-01-16 00:00:00.000,02/13/1998,1998-01-23 00:00:00.000,3,13.32,Berglunds  snabbköp,  Berguvsvägen  8  ,Luleå,,S-958 22,Sweden
10838,LINOD,3,1998-01-19 00:00:00.000,1998-02-16 00:00:00.000,1998-01-23 00:00:00.000,3,59.28,  LINO-Delicateses  ,  ave. 5 de mayo porlamar  ,I. de Margarita,Nueva Esparta,4980,Venezuela
10839,TRADH,3,1998-01-19 00:00:00.000,1998-02-16 00:00:00.000,1998-01-22 00:00:00.000,3,35.43,tradiçao  hipermercados,"Av. Inês de Castro, 414",Sao Paulo,SP,05634-030,Brazil
10840,LINOD,4,1998-01-19 00:00:00.000,1998-03-02 00:00:00.000,16.02.1998,2,2.71,LINO-Delicateses,Ave. 5 de Mayo Porlamar,I. de Margarita,Nueva Esparta,4980,Venezuela
10841,SUPRD,5,1998-01-20 00:00:00.000,17.02.1998,1998-01-29 00:00:00.000,2,424.3,  Suprêmes délices  ,"Boulevard Tirou, 255",  Charleroi  ,,B-6000,Belgium
10842,TORTU,1,20.01.1998,1998-02-17 00:00:00.000,1998-01-29 00:00:00.000,3,54.42,Tortuga Restaurante,  Avda. Azteca 123  ,méxico  d.f.,,05033,Mexico
10843,VICTE,4,21.01.1998,1998-02-18 00:00:00.000,nan,2,9.26,  victuailles en stock  ,"  2, rue du Commerce  ",  Lyon  ,,69004,France
10844,PICCO,8,1998-01-21 00:00:00.000,18-02-1998,01/26/1998,2,25.22,Piccolo und mehr,GEISLWEG  14,Salzburg,,5020,Austria
10845,QUICK,8,21.01.1998,04.02.1998,01/30/1998,1,212.98,QUICK-Stop,Taucherstraße  10,cunewalde,,01307,Germany
10846,SUPRD,2,01/22/1998,1998-03-05 00:00:00.000,1998-01-23 00:00:00.000,3,56.46,Suprêmes délices,"Boulevard Tirou, 255",Charleroi,,B-6000,Belgium
10847,SAVEA,4,1998-01-22 00:00:00.000,1998-02-05 00:00:00.000,1998-02-10 00:00:00.000,3,487.57,Save-a-lot Markets,187 Suffolk Ln.,  Boise  ,ID,83720,USA
10848,CONSH,7,23-01-1998,1998/02/20,1998-01-29 00:00:00,2,38.24,  Consolidated Holdings  ,Berkeley  Gardens  12    Brewery,London,,WX1 6LT,UK
10849,KOENE,9,1998-01-23 00:00:00.000,1998-02-20 00:00:00.000,1998-01-30 00:00:00.000,2,0.56,  Königlich Essen  ,MAUBELSTR. 90,Brandenburg,,14776,Germany
10850,VICTE,1,23.01.1998,03/06/1998,1998-01-30 00:00:00.000,1,49.19,VICTUAILLES  EN  STOCK,"2, rue du Commerce",Lyon,,69004,France
10851,RICAR,5,1998/01/26,1998-02-23 00:00:00.000,1998-02-02 00:00:00.000,1,160.55,RICARDO ADOCICADOS,"AV. COPACABANA, 267",Rio de Janeiro,RJ,02389-890,Brazil
10852,RATTC,8,26.01.1998,1998-02-09 00:00:00.000,1998-01-30 00:00:00.000,1,174.05,  RATTLESNAKE CANYON GROCERY  ,  2817 milton dr.  ,Albuquerque,NM,87110,USA
10853,BLAUS,9,27.01.1998,1998-02-24 00:00:00.000,03-02-1998,2,53.83,blauer see delikatessen,Forsterstr. 57,  Mannheim  ,,68306,Germany
10854,ERNSH,3,1998-01-27 00:00:00,1998-02-24 00:00:00,1998/02/05,2,100.22,  Ernst Handel  ,Kirchgasse 6,graz,,8010,Austria
10855,OLDWO,3,1998-01-27 00:00:00.000,1998-02-24 00:00:00.000,04-02-1998,1,170.97,  Old World Delicatessen  ,  2743 Bering St.  ,anchorage,AK,99508,USA
10856,ANTON,3,1998/01/28,25-02-1998,1998-02-10 00:00:00.000,2,58.43,  Antonio Moreno Taquería  ,Mataderos  2312,méxico d.f.,,05023,Mexico
10857,BERGS,8,1998/01/28,25-02-1998,1998-02-06 00:00:00.000,2,188.85,Berglunds  snabbköp,Berguvsvägen    8,luleå,,S-958 22,Sweden
10858,LACOR,2,1998-01-29 00:00:00.000,1998-02-26 00:00:00.000,1998-02-03 00:00:00.000,1,52.51,La corne d'abondance,"  67, avenue de l'Europe  ",VERSAILLES,,,France
10859,FRANK,1,1998-02-26 00:00:00.000,1998-01-29 00:00:00.000,02-02-1998,2,76.1,frankenversand,berliner platz 43,MÜNCHEN,,80805,Germany
10860,FRANR,3,01/29/1998,1998-02-26 00:00:00,1998/02/04,3,19.26,FRANCE RESTAURATION,"54,  rue  Royale",  NANTES  ,,44000,France
10861,WHITC,4,1998-01-30 00:00:00.000,1998-02-27 00:00:00.000,1998-02-17 00:00:00,2,14.93,WHITE CLOVER MARKETS,1029 - 12th Ave. S.,  Seattle  ,WA,98124,USA
10862,LEHMS,8,1998-01-30 00:00:00.000,13-03-1998,1998-02-02 00:00:00.000,2,53.23,Lehmanns Marktstand,Magazinweg 7,Frankfurt a.M.,,60528,Germany
10863,HILAA,4,1998/02/02,1998-03-02 00:00:00,1998-02-17 00:00:00,2,30.26,  HILARION-Abastos  ,Carrera 22 con Ave. Carlos Soublette #8-35,SAN CRISTÓBAL,Táchira,5022,Venezuela
10864,AROUT,4,1998-02-02 00:00:00.000,1998-03-02 00:00:00.000,1998-02-09 00:00:00.000,2,139.84,Around  the  Horn,Brook  Farm  Stratford  St.  Mary,Colchester,Essex,CO7 6JX,UK
10865,QUICK,2,02/02/1998,1998-02-16 00:00:00.000,1998-02-12 00:00:00.000,1,348.14,QUICK-Stop,Taucherstraße 10,Cunewalde,,01307,Germany
10866,BERGS,5,03-02-1998,03/03/1998,12.02.1998,1,109.11,Berglunds  snabbköp,BERGUVSVÄGEN  8,LULEÅ,,S-958 22,Sweden
10867,LONEP,6,1998-02-03 00:00:00.000,1998-03-17 00:00:00,1998-02-11 00:00:00,1,1.93,lonesome pine restaurant,89 Chiaroscuro Rd.,Portland,OR,97219,USA
10868,QUEEN,7,1998-02-04 00:00:00.000,1998-03-04 00:00:00.000,23-02-1998,2,191.27,  queen cozinha  ,"Alameda  dos  Canàrios,  891",sao  paulo,SP,05487-020,Brazil
10869,SEVES,5,1998-02-04 00:00:00.000,1998-03-04 00:00:00.000,1998-02-09 00:00:00.000,1,143.28,seven  seas  imports,90 Wadhurst Rd.,  London  ,,OX15 4NB,UK
10870,WOLZA,5,1998-02-04 00:00:00,1998-03-04 00:00:00.000,13-02-1998,3,12.04,WOLSKI ZAJAZD,ul. Filtrowa 68,  Warszawa  ,,01-012,Poland
10871,BONAP,9,1998-02-05 00:00:00,03/05/1998,10-02-1998,2,112.27,BON  APP',"  12, RUE DES BOUCHERS  ",Marseille,,13008,France
10872,GODOS,5,05.02.1998,1998-03-05 00:00:00.000,02/09/1998,2,175.32,godos  cocina  típica,"  C/ Romero, 33  ",Sevilla,,41101,Spain
10873,WILMK,4,02/06/1998,03/06/1998,1998-02-09 00:00:00.000,1,0.82,WILMAN KALA,keskuskatu 45,  Helsinki  ,,21240,Finland
10874,GODOS,5,06.02.1998,1998-03-06 00:00:00,1998-02-11 00:00:00,2,19.58,  Godos Cocina Típica  ,"  C/ Romero, 33  ",Sevilla,,41101,Spain
10875,BERGS,4,06-02-1998,1998-03-06 00:00:00.000,03.03.1998,2,32.37,BERGLUNDS SNABBKÖP,  Berguvsvägen  8  ,Luleå,,S-958 22,Sweden
10876,BONAP,7,1998-02-09 00:00:00.000,1998-03-09 00:00:00,1998-02-12 00:00:00.000,3,60.42,BON APP',"12, RUE DES BOUCHERS",  Marseille  ,,13008,France
10877,RICAR,1,1998/02/09,1998-03-09 00:00:00,1998-02-19 00:00:00.000,1,38.06,Ricardo Adocicados,"Av. Copacabana, 267",Rio de Janeiro,RJ,02389-890,Brazil
10878,QUICK,4,1998-02-10 00:00:00.000,1998-03-10 00:00:00.000,12.02.1998,1,46.69,  QUICK-Stop  ,Taucherstraße  10,  Cunewalde  ,,01307,Germany
10879,WILMK,3,1998-02-10 00:00:00.000,1998-03-10 00:00:00.000,12.02.1998,3,8.5,Wilman  Kala,Keskuskatu  45,  Helsinki  ,,21240,Finland
10880,FOLKO,7,10.02.1998,1998-03-24 00:00:00.000,18.02.1998,1,88.01,folk och fä hb,Åkergatan 24,bräcke,,S-844 67,Sweden
10881,CACTU,4,1998-02-11 00:00:00,1998-03-11 00:00:00.000,nan,1,2.84,Cactus Comidas para llevar,CERRITO 333,Buenos Aires,,1010,Argentina
10882,SAVEA,4,1998-02-11 00:00:00.000,1998-03-11 00:00:00.000,02/20/1998,3,23.1,save-a-lot markets,187  Suffolk  Ln.,Boise,ID,83720,USA
10883,LONEP,8,02/12/1998,03/12/1998,20-02-1998,3,0.53,  Lonesome Pine Restaurant  ,89 Chiaroscuro Rd.,PORTLAND,OR,97219,USA
10884,LETSS,4,12-02-1998,1998-03-12 00:00:00.000,1998-02-13 00:00:00.000,2,90.97,Let's  Stop  N  Shop,87  Polk  St.  Suite  5,San Francisco,CA,94117,USA
10885,SUPRD,6,1998-02-12 00:00:00.000,12.03.1998,02/18/1998,3,5.64,  Suprêmes délices  ,"Boulevard Tirou, 255",  Charleroi  ,,B-6000,Belgium
10886,HANAR,1,1998-02-13 00:00:00.000,1998-03-13 00:00:00.000,02-03-1998,1,4.99,Hanari Carnes,"RUA DO PAÇO, 67",  Rio de Janeiro  ,RJ,05454-876,Brazil
10887,GALED,8,1998-02-13 00:00:00,13-03-1998,1998/02/16,3,1.25,Galería del gastronómo,"  Rambla de Cataluña, 23  ",  BARCELONA  ,,8022,Spain
10888,GODOS,1,1998-02-16 00:00:00.000,1998-03-16 00:00:00.000,1998-02-23 00:00:00.000,2,51.87,godos cocina típica,"  c/ romero, 33  ",Sevilla,,41101,Spain
10889,RATTC,9,1998-02-16 00:00:00.000,1998/03/16,1998-02-23 00:00:00.000,3,280.61,Rattlesnake Canyon Grocery,  2817 milton dr.  ,albuquerque,NM,87110,USA
10890,DUMON,7,1998-02-16 00:00:00.000,1998-03-16 00:00:00,nan,1,32.76,du monde entier,"67, rue des Cinquante Otages",Nantes,,44000,France
10891,LEHMS,7,1998/02/17,03/17/1998,1998/02/19,2,20.37,Lehmanns Marktstand,  Magazinweg 7  ,  Frankfurt a.M.  ,,60528,Germany
10892,MAISD,4,1998/02/17,1998-03-17 00:00:00.000,1998-02-19 00:00:00.000,2,120.27,  Maison Dewey  ,RUE  JOSEPH-BENS  532,Bruxelles,,B-1180,Belgium
10893,KOENE,9,1998/02/18,1998-03-18 00:00:00,1998-02-20 00:00:00,2,77.78,Königlich  Essen,Maubelstr.  90,Brandenburg,,14776,Germany
10894,SAVEA,1,1998/02/18,1998-03-18 00:00:00.000,1998-02-20 00:00:00,1,116.13,SAVE-A-LOT MARKETS,187  Suffolk  Ln.,Boise,ID,83720,USA
10895,ERNSH,3,18-02-1998,1998-03-18 00:00:00.000,1998-02-23 00:00:00.000,1,162.75,ernst  handel,Kirchgasse 6,graz,,8010,Austria
10896,MAISD,7,1998-02-27 00:00:00.000,1998/03/19,1998-02-19 00:00:00.000,3,32.45,Maison Dewey,RUE JOSEPH-BENS 532,Bruxelles,,B-1180,Belgium
10897,HUNGO,3,1998-02-19 00:00:00.000,1998-03-19 00:00:00,1998-02-25 00:00:00.000,2,603.54,HUNGRY OWL ALL-NIGHT GROCERS,8 JOHNSTOWN ROAD,Cork,Co. Cork,,Ireland
10898,OCEAN,4,1998-02-20 00:00:00.000,1998-03-20 00:00:00.000,1998-03-06 00:00:00.000,2,1.27,Océano Atlántico Ltda.,ing. gustavo moncada 8585 piso 20-a,Buenos Aires,,1010,Argentina
10899,LILAS,5,02/20/1998,1998-03-20 00:00:00,26.02.1998,3,1.21,LILA-Supermercado,Carrera 52 con Ave. Bolívar #65-98 Llano Largo,Barquisimeto,Lara,3508,Venezuela
10900,WELLI,1,20.02.1998,1998-03-20 00:00:00.000,04-03-1998,2,1.66,Wellington Importadora,"Rua do Mercado, 12",  Resende  ,SP,08737-363,Brazil
10901,HILAA,4,23.02.1998,23-03-1998,1998-02-26 00:00:00,1,62.09,  HILARION-Abastos  ,Carrera 22 con Ave. Carlos Soublette #8-35,san cristóbal,Táchira,5022,Venezuela
10902,FOLKO,1,1998-02-23 00:00:00.000,1998-03-23 00:00:00.000,1998-03-03 00:00:00.000,1,44.15,FOLK OCH FÄ HB,åkergatan 24,Bräcke,,S-844 67,Sweden
10903,HANAR,3,1998-02-24 00:00:00.000,1998/03/24,1998/03/04,3,36.71,Hanari Carnes,"  Rua do Paço, 67  ",Rio  de  Janeiro,RJ,05454-876,Brazil
10904,WHITC,3,24-02-1998,1998-03-24 00:00:00,27-02-1998,3,162.95,White  Clover  Markets,1029  -  12th  Ave.  S.,Seattle,WA,98124,USA
10905,WELLI,9,1998-02-24 00:00:00.000,24.03.1998,1998-03-06 00:00:00.000,2,13.72,Wellington Importadora,"Rua  do  Mercado,  12",  Resende  ,SP,08737-363,Brazil
10906,WOLZA,4,1998-02-25 00:00:00.000,1998-03-11 00:00:00.000,1998-03-03 00:00:00.000,3,26.29,Wolski  Zajazd,ul. Filtrowa 68,Warszawa,,01-012,Poland
10907,SPECD,6,02/25/1998,25-03-1998,1998-02-27 00:00:00.000,3,9.19,Spécialités  du  monde,"  25, rue Lauriston  ",PARIS,,75016,France
10908,REGGC,4,26.02.1998,1998-03-26 00:00:00.000,1998-03-06 00:00:00.000,2,32.96,Reggiani Caseifici,STRADA PROVINCIALE 124,REGGIO EMILIA,,42100,Italy
10909,SANTG,1,1998-02-26 00:00:00.000,1998-03-26 00:00:00.000,10.03.1998,2,53.05,SANTÉ GOURMET,erling skakkes gate 78,stavern,,4110,Norway
10910,WILMK,1,1998-02-26 00:00:00.000,1998-03-26 00:00:00,1998-03-04 00:00:00.000,3,38.11,WILMAN  KALA,Keskuskatu 45,Helsinki,,21240,Finland
10911,GODOS,3,1998-02-26 00:00:00.000,1998-03-26 00:00:00.000,1998/03/05,1,38.19,Godos Cocina Típica,"C/ ROMERO, 33",Sevilla,,41101,Spain
10912,HUNGO,2,1998-02-26 00:00:00,1998-03-26 00:00:00.000,03/18/1998,2,580.91,hungry  owl  all-night  grocers,  8 Johnstown Road  ,Cork,Co. Cork,,Ireland
10913,QUEEN,4,02/26/1998,1998-03-26 00:00:00.000,1998-03-04 00:00:00,1,33.05,QUEEN  COZINHA,"Alameda dos Canàrios, 891",Sao  Paulo,SP,05487-020,Brazil
10914,QUEEN,6,1998-02-27 00:00:00.000,1998-03-27 00:00:00.000,1998-03-02 00:00:00.000,1,21.19,Queen Cozinha,"Alameda dos Canàrios, 891",Sao Paulo,SP,05487-020,Brazil
10915,TORTU,2,1998-02-27 00:00:00.000,27-03-1998,02.03.1998,2,3.51,  tortuga restaurante  ,Avda. Azteca 123,  méxico d.f.  ,,05033,Mexico
10916,RANCH,1,1998-02-27 00:00:00.000,1998-03-27 00:00:00.000,03/09/1998,2,63.77,rancho  grande,Av. del Libertador 900,buenos aires,,1010,Argentina
10917,ROMEY,4,1998-03-02 00:00:00,1998-03-30 00:00:00.000,1998/03/11,2,8.29,Romero y tomillo,"gran vía, 1",Madrid,,28001,Spain
10918,BOTTM,3,03/02/1998,03/30/1998,1998-03-11 00:00:00.000,3,48.83,Bottom-Dollar Markets,23 Tsawassen Blvd.,Tsawassen,BC,T2F 8M4,Canada
10919,LINOD,2,02.03.1998,1998-03-30 00:00:00.000,1998/03/04,2,19.8,LINO-Delicateses,  ave. 5 de mayo porlamar  ,I.  de  Margarita,Nueva Esparta,4980,Venezuela
10920,AROUT,4,03-03-1998,1998-03-31 00:00:00.000,09-03-1998,2,29.61,Around the Horn,BROOK FARM STRATFORD ST. MARY,Colchester,Essex,CO7 6JX,UK
10921,VAFFE,1,03-03-1998,1998-04-14 00:00:00.000,1998-03-09 00:00:00.000,1,176.48,Vaffeljernet,  Smagsloget 45  ,Århus,,8200,Denmark
10922,HANAR,5,1998-03-03 00:00:00.000,1998-03-31 00:00:00.000,1998-03-05 00:00:00.000,3,2357.0,  Hanari Carnes  ,"Rua do Paço, 67",Rio  de  Janeiro,RJ,05454-876,Brazil
10923,LAMAI,7,1998-03-03 00:00:00.000,1998-04-14 00:00:00,13-03-1998,3,68.26,  La maison d'Asie  ,  1 rue Alsace-Lorraine  ,  Toulouse  ,,31000,France
10924,BERGS,3,1998-03-04 00:00:00.000,1998-04-01 00:00:00.000,08-04-1998,2,151.52,BERGLUNDS  SNABBKÖP,  Berguvsvägen  8  ,  LULEÅ  ,,S-958 22,Sweden
10925,HANAR,3,1998-03-04 00:00:00.000,01-04-1998,03/13/1998,1,2.27,  hanari carnes  ,"  RUA DO PAÇO, 67  ",  Rio de Janeiro  ,RJ,05454-876,Brazil
10926,ANATR,4,1998-03-04 00:00:00.000,01.04.1998,1998-03-11 00:00:00.000,3,39.92,  Ana Trujillo Emparedados y helados  ,Avda. de la Constitución 2222,méxico d.f.,,05021,Mexico
10927,LACOR,4,05-03-1998,1998-04-02 00:00:00.000,04/08/1998,1,19.79,La corne d'abondance,"67,  avenue  de  l'Europe",versailles,,78000,France
10928,GALED,1,03/05/1998,1998/04/02,1998/03/18,1,1.36,Galería  del  gastronómo,"Rambla de Cataluña, 23",Barcelona,,8022,Spain
10929,FRANK,6,1998-03-05 00:00:00.000,04/02/1998,12-03-1998,1,33.93,Frankenversand,berliner platz 43,münchen,,80805,Germany
10930,SUPRD,4,1998-03-06 00:00:00.000,1998-04-17 00:00:00.000,1998-03-18 00:00:00,3,15.55,  SUPRÊMES DÉLICES  ,"Boulevard Tirou, 255",Charleroi,,B-6000,Belgium
10931,RICSU,4,1998-03-06 00:00:00.000,1998-03-20 00:00:00.000,1998-03-19 00:00:00,2,13.6,Richter Supermarkt,  Starenweg 5  ,Genève,,1204,Switzerland
10932,BONAP,8,06-03-1998,1998/04/03,03/24/1998,1,134.64,  Bon app'  ,"12, rue des Bouchers",Marseille,,13008,France
10933,ISLAT,6,1998-03-06 00:00:00,04/03/1998,1998-03-16 00:00:00.000,3,54.15,Island Trading,Garden  House  Crowther  Way,cowes,Isle of Wight,PO31 7PJ,UK
10934,LEHMS,3,1998-03-09 00:00:00.000,1998-04-06 00:00:00.000,1998-03-12 00:00:00.000,3,32.01,Lehmanns Marktstand,MAGAZINWEG 7,Frankfurt  a.M.,,60528,Germany
10935,WELLI,4,1998-03-09 00:00:00.000,1998-04-06 00:00:00.000,18-03-1998,3,47.59,Wellington Importadora,"Rua do Mercado, 12",  Resende  ,SP,08737-363,Brazil
10936,GREAL,3,1998-03-09 00:00:00.000,1998-04-06 00:00:00.000,1998-03-18 00:00:00,2,33.68,Great  Lakes  Food  Market,2732 BAKER BLVD.,EUGENE,OR,97403,USA
10937,CACTU,7,10.03.1998,03/24/1998,1998/03/13,3,31.51,Cactus Comidas para llevar,Cerrito  333,buenos aires,,1010,Argentina
10938,QUICK,3,1998-03-10 00:00:00.000,07.04.1998,1998/03/16,2,31.89,QUICK-Stop,  Taucherstraße 10  ,Cunewalde,,01307,Germany
10939,MAGAA,2,1998-03-10 00:00:00.000,1998-04-07 00:00:00.000,1998-03-13 00:00:00.000,2,76.33,  Magazzini Alimentari Riuniti  ,Via  Ludovico  il  Moro  22,bergamo,,24100,Italy
10940,BONAP,8,03/11/1998,1998-04-08 00:00:00.000,1998-03-23 00:00:00.000,3,19.77,  Bon app'  ,"12, RUE DES BOUCHERS",Marseille,,13008,France
10941,SAVEA,7,1998/03/11,1998-04-08 00:00:00.000,03/20/1998,2,400.81,  Save-a-lot Markets  ,187 SUFFOLK LN.,boise,ID,83720,USA
10942,REGGC,9,11-03-1998,1998-04-08 00:00:00.000,1998-03-18 00:00:00.000,3,17.95,Reggiani Caseifici,strada provinciale 124,reggio emilia,,42100,Italy
10943,BSBEV,4,1998-03-11 00:00:00.000,1998-04-08 00:00:00.000,1998/03/19,2,2.17,b's beverages,FAUNTLEROY  CIRCUS,London,,EC2 5NT,UK
10944,BOTTM,6,1998-03-12 00:00:00,1998-03-26 00:00:00.000,1998-03-13 00:00:00.000,3,52.92,Bottom-Dollar Markets,23 Tsawassen Blvd.,Tsawassen,BC,T2F 8M4,Canada
10945,MORGK,4,1998-03-12 00:00:00.000,1998-04-09 00:00:00.000,1998-03-18 00:00:00.000,1,10.22,Morgenstern Gesundkost,HEERSTR.  22,leipzig,,04179,Germany
10946,VAFFE,1,1998-03-12 00:00:00.000,1998-04-09 00:00:00.000,1998-03-19 00:00:00,2,27.2,Vaffeljernet,  Smagsloget 45  ,Århus,,8200,Denmark
10947,BSBEV,3,1998-03-13 00:00:00.000,1998-04-10 00:00:00.000,1998-03-16 00:00:00.000,2,3.26,  B'S BEVERAGES  ,fauntleroy circus,London,,EC2 5NT,UK
10948,GODOS,3,13-03-1998,1998-04-10 00:00:00.000,1998/03/19,3,23.39,Godos Cocina Típica,"C/  Romero,  33",Sevilla,,41101,Spain
10949,BOTTM,2,1998-03-13 00:00:00.000,1998-04-10 00:00:00,1998-03-17 00:00:00.000,3,74.44,Bottom-Dollar  Markets,23 TSAWASSEN BLVD.,tsawassen,BC,T2F 8M4,Canada
10950,MAGAA,1,1998-03-16 00:00:00.000,1998/04/13,1998/03/23,2,2.5,Magazzini Alimentari Riuniti,  Via Ludovico il Moro 22  ,Bergamo,,24100,Italy
10951,RICSU,9,16.03.1998,1998-04-27 00:00:00.000,1998-04-07 00:00:00,2,30.85,Richter Supermarkt,Starenweg 5,Genève,,1204,Switzerland
10952,ALFKI,1,1998-03-16 00:00:00.000,1998-04-27 00:00:00.000,24-03-1998,1,40.42,Alfred's Futterkiste,Obere Str. 57,BERLIN,,12209,Germany
10953,AROUT,9,03/16/1998,1998-03-30 00:00:00.000,1998-03-25 00:00:00.000,2,23.72,Around the Horn,Brook  Farm  Stratford  St.  Mary,Colchester,Essex,CO7 6JX,UK
10954,LINOD,5,1998-03-17 00:00:00.000,28-04-1998,1998-03-20 00:00:00.000,1,27.91,LINO-Delicateses,Ave. 5 de Mayo Porlamar,I.  DE  MARGARITA,Nueva Esparta,4980,Venezuela
10955,FOLKO,8,1998/03/17,1998-04-14 00:00:00.000,20-03-1998,2,3.26,Folk och fä HB,Åkergatan 24,BRÄCKE,,S-844 67,Sweden
10956,BLAUS,6,1998-03-17 00:00:00.000,1998-04-28 00:00:00.000,1998/03/20,2,44.65,Blauer See Delikatessen,  Forsterstr. 57  ,Mannheim,,68306,Germany
10957,HILAA,8,1998-03-18 00:00:00.000,04/15/1998,1998-03-27 00:00:00.000,3,105.36,  HILARION-ABASTOS  ,Carrera 22 con Ave. Carlos Soublette #8-35,San Cristóbal,Táchira,5022,Venezuela
10958,OCEAN,7,1998-03-18 00:00:00.000,1998-04-15 00:00:00.000,1998-03-27 00:00:00.000,2,49.56,  Océano Atlántico Ltda.  ,ing. gustavo moncada 8585 piso 20-a,Buenos  Aires,,1010,Argentina
10959,GOURL,6,18-03-1998,1998-04-29 00:00:00.000,1998-03-23 00:00:00.000,2,4.98,gourmet lanchonetes,"Av.  Brasil,  442",  Campinas  ,SP,04876-786,Brazil
10960,HILAA,3,1998-03-19 00:00:00,1998-04-02 00:00:00.000,1998/04/08,1,2.08,HILARION-Abastos,Carrera 22 con Ave. Carlos Soublette #8-35,  SAN CRISTÓBAL  ,Táchira,5022,Venezuela
10961,QUEEN,8,19-03-1998,1998-04-16 00:00:00.000,1998-03-30 00:00:00,1,104.47,QUEEN COZINHA,"Alameda  dos  Canàrios,  891",Sao Paulo,SP,05487-020,Brazil
10962,QUICK,8,1998-03-19 00:00:00.000,1998/04/16,23.03.1998,2,275.79,quick-stop,Taucherstraße 10,Cunewalde,,01307,Germany
10963,FURIB,9,19.03.1998,04/16/1998,1998/03/26,3,2.7,  Furia Bacalhau e Frutos do Mar  ,Jardim das rosas n. 32,  Lisboa  ,,1675,Portugal
10964,SPECD,3,1998-03-20 00:00:00.000,1998-04-17 00:00:00.000,24-03-1998,2,87.38,  Spécialités du monde  ,"  25, rue lauriston  ",Paris,,75016,France
10965,OLDWO,6,1998-03-20 00:00:00.000,1998-04-17 00:00:00.000,1998-03-30 00:00:00.000,3,144.38,Old World Delicatessen,2743 Bering St.,Anchorage,AK,99508,USA
10966,CHOPS,4,20-03-1998,1998-04-17 00:00:00.000,1998-04-08 00:00:00.000,1,27.19,Chop-suey Chinese,Hauptstr. 31,Bern,,3012,Switzerland
10967,TOMSP,2,23-03-1998,1998-04-20 00:00:00.000,02-04-1998,2,62.22,Toms Spezialitäten,LUISENSTR. 48,münster,,44087,Germany
10968,ERNSH,1,23-03-1998,1998-04-20 00:00:00.000,01.04.1998,3,74.6,  Ernst Handel  ,Kirchgasse 6,  graz  ,,8010,Austria
10969,COMMI,1,03/23/1998,1998-04-20 00:00:00.000,1998-03-30 00:00:00.000,2,0.21,Comércio Mineiro,"av.  dos  lusíadas,  23",  Sao Paulo  ,SP,05432-043,Brazil
10970,BOLID,9,1998-03-24 00:00:00,07-04-1998,1998-04-24 00:00:00.000,1,16.16,  Bólido Comidas preparadas  ,"C/ Araquil, 67",Madrid,,28023,Spain
10971,FRANR,2,1998-03-24 00:00:00.000,1998-04-21 00:00:00.000,1998-04-02 00:00:00.000,2,121.82,France restauration,"54, RUE ROYALE",Nantes,,44000,France
10972,LACOR,4,1998-03-24 00:00:00.000,04/21/1998,26-03-1998,2,0.02,  La corne d'abondance  ,"67, avenue de l'Europe",Versailles,,78000,France
10973,LACOR,6,24-03-1998,21.04.1998,1998-03-27 00:00:00,2,15.17,La corne d'abondance,"67,  avenue  de  l'europe",Versailles,,78000,France
10974,SPLIR,3,1998-03-25 00:00:00.000,1998/04/08,03-04-1998,3,12.96,Split Rail Beer & Ale,P.O.  Box  555,Lander,WY,82520,USA
10975,BOTTM,1,25-03-1998,22.04.1998,1998/03/27,3,32.27,BOTTOM-DOLLAR MARKETS,23 Tsawassen Blvd.,Tsawassen,BC,T2F 8M4,Canada
10976,HILAA,1,1998-03-25 00:00:00.000,1998-05-06 00:00:00.000,1998-04-03 00:00:00,1,37.97,hilarion-abastos,  Carrera 22 con Ave. Carlos Soublette #8-35  ,San Cristóbal,Táchira,5022,Venezuela
10977,FOLKO,8,26.03.1998,1998-04-23 00:00:00.000,1998-04-10 00:00:00.000,3,208.5,Folk och fä HB,  Åkergatan 24  ,Bräcke,,S-844 67,Sweden
10978,MAISD,9,1998-03-26 00:00:00.000,23-04-1998,1998-04-23 00:00:00.000,2,32.82,  MAISON DEWEY  ,Rue Joseph-Bens 532,Bruxelles,,B-1180,Belgium
10979,ERNSH,8,1998-03-26 00:00:00.000,1998-04-23 00:00:00.000,31.03.1998,2,353.07,  Ernst Handel  ,Kirchgasse 6,  Graz  ,,8010,Austria
10980,FOLKO,4,1998-03-27 00:00:00.000,1998-05-08 00:00:00.000,04/17/1998,1,1.26,FOLK OCH FÄ HB,Åkergatan  24,  Bräcke  ,,S-844 67,Sweden
10981,HANAR,1,1998-03-27 00:00:00.000,04/24/1998,1998-04-02 00:00:00,2,-193.37,Hanari  Carnes,"RUA  DO  PAÇO,  67",Rio de Janeiro,RJ,05454-876,Brazil
10982,BOTTM,2,1998/03/27,24-04-1998,08.04.1998,1,14.01,Bottom-Dollar  Markets,23  Tsawassen  Blvd.,Tsawassen,BC,T2F 8M4,Canada
10983,SAVEA,2,1998-03-27 00:00:00.000,24-04-1998,1998-04-06 00:00:00.000,2,657.54,  Save-a-lot Markets  ,187 Suffolk Ln.,Boise,ID,83720,USA
10984,SAVEA,1,30-03-1998,27.04.1998,1998-04-03 00:00:00.000,3,211.22,save-a-lot  markets,  187 suffolk ln.  ,boise,ID,83720,USA
10985,HUNGO,2,30-03-1998,1998-04-27 00:00:00.000,02-04-1998,1,91.51,  HUNGRY OWL ALL-NIGHT GROCERS  ,8 Johnstown Road,Cork,Co. Cork,,Ireland
10986,OCEAN,8,30.03.1998,1998-04-27 00:00:00.000,04/21/1998,2,217.86,océano atlántico ltda.,ing.  gustavo  moncada  8585  piso  20-a,Buenos  Aires,,1010,Argentina
10987,EASTC,8,1998/03/31,28-04-1998,1998-04-06 00:00:00.000,1,185.48,  Eastern Connection  ,  35 King George  ,LONDON,,WX3 6FW,UK
10988,RATTC,3,1998-03-31 00:00:00.000,1998-04-28 00:00:00.000,10.04.1998,2,61.14,  Rattlesnake Canyon Grocery  ,2817 Milton Dr.,Albuquerque,NM,87110,USA
10989,QUEDE,2,1998-03-31 00:00:00.000,28-04-1998,02-04-1998,1,34.76,Que  Delícia,"Rua  da  Panificadora,  12",Rio de Janeiro,RJ,02389-673,Brazil
10990,ERNSH,2,1998-04-01 00:00:00.000,1998/05/13,1998-04-07 00:00:00.000,3,117.61,  ERNST HANDEL  ,Kirchgasse 6,Graz,,8010,Austria
10991,QUICK,1,1998-04-01 00:00:00,04/29/1998,1998-04-07 00:00:00.000,1,38.51,QUICK-STOP,TAUCHERSTRASSE  10,Cunewalde,,01307,Germany
10992,THEBI,1,01.04.1998,29-04-1998,03.04.1998,3,4.27,The Big Cheese,89  Jefferson  Way  Suite  2,portland,OR,97201,USA
10993,FOLKO,7,1998-04-01 00:00:00.000,1998-04-29 00:00:00.000,1998/04/10,3,8.81,Folk och fä HB,Åkergatan 24,  Bräcke  ,,S-844 67,Sweden
10994,VAFFE,2,02.04.1998,1998/04/16,1998-04-09 00:00:00.000,3,65.53,  Vaffeljernet  ,Smagsloget 45,Århus,,8200,Denmark
10995,PERIC,1,1998-04-02 00:00:00.000,1998-04-30 00:00:00,1998-04-06 00:00:00.000,3,46.0,pericles  comidas  clásicas,Calle Dr. Jorge Cash 321,  México D.F.  ,,05033,Mexico
10996,QUICK,4,1998-04-02 00:00:00.000,1998-04-30 00:00:00.000,10.04.1998,2,1.12,QUICK-Stop,Taucherstraße  10,Cunewalde,,01307,Germany
10997,LILAS,8,03.04.1998,1998-05-15 00:00:00,1998-04-13 00:00:00.000,2,73.91,LILA-Supermercado,Carrera 52 con Ave. Bolívar #65-98 Llano Largo,Barquisimeto,Lara,3508,Venezuela
10998,WOLZA,8,1998-04-03 00:00:00.000,1998/04/17,1998-04-17 00:00:00.000,2,20.31,Wolski Zajazd,  ul. Filtrowa 68  ,Warszawa,,01-012,Poland
10999,OTTIK,6,1998-04-03 00:00:00.000,1998-05-01 00:00:00.000,04/10/1998,2,96.35,Ottilies Käseladen,  MEHRHEIMERSTR. 369  ,  KÖLN  ,,50739,Germany
11000,RATTC,2,1998-04-06 00:00:00.000,1998-05-04 00:00:00.000,04/14/1998,3,55.12,  Rattlesnake Canyon Grocery  ,  2817 milton dr.  ,  Albuquerque  ,NM,87110,USA
11001,FOLKO,2,1998-04-06 00:00:00.000,1998-05-04 00:00:00.000,14.04.1998,2,197.3,Folk och fä HB,Åkergatan 24,BRÄCKE,,,Sweden
11002,SAVEA,4,1998/04/06,1998-05-04 00:00:00.000,1998-04-16 00:00:00.000,1,141.16,SAVE-A-LOT MARKETS,187  suffolk  ln.,Boise,ID,83720,USA
11003,THECR,3,1998-04-06 00:00:00.000,1998-05-04 00:00:00.000,08-04-1998,3,14.91,  The Cracker Box  ,55  Grizzly  Peak  Rd.,Butte,MT,59801,USA
11004,MAISD,3,07.04.1998,1998-05-05 00:00:00.000,1998/04/20,1,44.84,Maison Dewey,Rue  Joseph-Bens  532,Bruxelles,,B-1180,Belgium
11005,WILMK,2,1998-04-07 00:00:00.000,1998/05/05,1998-04-10 00:00:00,1,0.75,  Wilman Kala  ,Keskuskatu 45,  Helsinki  ,,21240,Finland
11006,GREAL,3,1998-04-07 00:00:00.000,1998-05-05 00:00:00.000,1998/04/15,2,25.19,Great Lakes Food Market,  2732 Baker Blvd.  ,  Eugene  ,OR,97403,USA
11007,PRINI,8,1998-04-08 00:00:00,05/06/1998,1998-04-13 00:00:00.000,2,202.24,  Princesa Isabel Vinhos  ,Estrada da saúde n. 58,Lisboa,,1756,Portugal
11008,ERNSH,7,1998-04-08 00:00:00,1998/05/06,nan,3,79.46,ERNST  HANDEL,Kirchgasse 6,  Graz  ,,8010,Austria
11009,GODOS,2,08-04-1998,06.05.1998,1998-04-10 00:00:00.000,1,59.11,godos cocina típica,"  C/ Romero, 33  ",Sevilla,,41101,Spain
11010,REGGC,2,1998-04-09 00:00:00.000,1998/05/07,1998-04-21 00:00:00.000,2,28.71,Reggiani Caseifici,Strada  Provinciale  124,Reggio Emilia,,42100,Italy
11011,ALFKI,3,1998/04/09,1998-05-07 00:00:00.000,1998-04-13 00:00:00.000,1,1.21,alfred's futterkiste,Obere  Str.  57,BERLIN,,12209,Germany
11012,FRANK,1,1998-04-09 00:00:00.000,04/23/1998,04/17/1998,3,242.95,Frankenversand,Berliner Platz 43,MÜNCHEN,,80805,Germany
11013,ROMEY,2,1998-04-09 00:00:00.000,07.05.1998,1998/04/10,1,32.99,romero  y  tomillo,"GRAN  VÍA,  1",Madrid,,28001,Spain
11014,LINOD,2,1998-04-10 00:00:00.000,1998-05-08 00:00:00.000,15-04-1998,3,23.6,LINO-Delicateses,Ave. 5 de Mayo Porlamar,i.  de  margarita,Nueva Esparta,4980,Venezuela
11015,SANTG,2,1998-04-10 00:00:00,24-04-1998,1998-04-20 00:00:00.000,2,4.62,Santé Gourmet,  Erling Skakkes gate 78  ,Stavern,,4110,Norway
11016,AROUT,9,1998-04-10 00:00:00,1998-05-08 00:00:00,1998-04-13 00:00:00.000,2,33.8,Around the Horn,Brook Farm Stratford St. Mary,Colchester,Essex,,UK
11017,ZZZZZ,9,1998/04/13,11-05-1998,1998-04-20 00:00:00.000,2,754.26,ernst  handel,Kirchgasse 6,Graz,,8010,Austria
11018,LONEP,4,1998-04-13 00:00:00.000,1998-05-11 00:00:00,nan,2,11.65,Lonesome Pine Restaurant,89 Chiaroscuro Rd.,Portland,OR,97219,USA
11019,RANCH,6,1998-04-13 00:00:00,11-05-1998,nan,3,3.17,  Rancho grande  ,Av. del Libertador 900,Buenos Aires,,1010,Argentina
11020,OTTIK,2,1998-04-14 00:00:00.000,1998-05-12 00:00:00.000,1998-04-16 00:00:00.000,2,43.3,Ottilies  Käseladen,MEHRHEIMERSTR. 369,Köln,,50739,Germany
11021,QUICK,3,1998/04/14,1998/05/12,1998-04-21 00:00:00.000,1,297.18,QUICK-Stop,Taucherstraße 10,Cunewalde,,01307,Germany
11022,HANAR,9,1998-04-14 00:00:00.000,1998-05-12 00:00:00.000,04.05.1998,2,6.27,Hanari Carnes,"Rua do Paço, 67",Rio de Janeiro,RJ,05454-876,Brazil
11023,BSBEV,1,1998-04-14 00:00:00.000,04/28/1998,1998/04/24,2,123.83,  B's Beverages  ,Fauntleroy Circus,london,,EC2 5NT,UK
11024,EASTC,4,15.04.1998,1998-05-13 00:00:00.000,1998-04-20 00:00:00.000,1,74.36,Eastern  Connection,35 king george,london,,WX3 6FW,UK
11025,WARTH,6,1998/04/15,1998-05-13 00:00:00.000,1998-04-24 00:00:00.000,3,29.17,Wartian  Herkku,torikatu  38,Oulu,,90110,Finland
11026,FRANS,4,1998-04-15 00:00:00.000,05/13/1998,28-04-1998,1,47.09,  Franchi S.p.A.  ,Via Monte Bianco 34,TORINO,,10100,Italy
11027,BOTTM,1,1998-04-16 00:00:00.000,1998-05-14 00:00:00.000,1998-04-20 00:00:00.000,1,52.52,Bottom-Dollar Markets,23 Tsawassen Blvd.,Tsawassen,BC,T2F 8M4,Canada
11028,KOENE,2,16.04.1998,1998-05-14 00:00:00.000,22-04-1998,1,29.59,Königlich Essen,  MAUBELSTR. 90  ,Brandenburg,,14776,Germany
11029,CHOPS,4,1998-04-16 00:00:00.000,1998-05-14 00:00:00.000,1998-04-27 00:00:00.000,1,47.84,Chop-suey Chinese,Hauptstr. 31,BERN,,3012,Switzerland
11030,SAVEA,7,04/17/1998,1998/05/15,27.04.1998,2,830.75,Save-a-lot Markets,187 Suffolk Ln.,Boise,ID,83720,USA
11031,SAVEA,6,17-04-1998,1998-05-15 00:00:00.000,1998-04-24 00:00:00.000,2,227.22,Save-a-lot  Markets,  187 Suffolk Ln.  ,  Boise  ,ID,83720,USA
11032,WHITC,2,1998-04-17 00:00:00.000,1998/05/15,1998-04-23 00:00:00.000,3,606.19,White  Clover  Markets,1029 - 12th ave. s.,Seattle,WA,98124,USA
11033,RICSU,7,1998-04-17 00:00:00.000,1998-05-15 00:00:00,1998-04-23 00:00:00.000,3,84.74,Richter Supermarkt,Starenweg  5,Genève,,1204,Switzerland
11034,OLDWO,8,1998-04-20 00:00:00.000,06/01/1998,1998-04-27 00:00:00.000,1,40.32,Old World Delicatessen,2743 Bering St.,Anchorage,AK,99508,USA
11035,SUPRD,2,1998/04/20,18-05-1998,1998-04-24 00:00:00.000,2,0.17,Suprêmes  délices,"Boulevard Tirou, 255",Charleroi,,B-6000,Belgium
11036,DRACD,8,20.04.1998,1998/05/18,1998-04-22 00:00:00.000,3,149.47,DRACHENBLUT  DELIKATESSEN,  Walserweg 21  ,  Aachen  ,,,Germany
11037,GODOS,7,1998-04-21 00:00:00,1998/05/19,1998-04-27 00:00:00.000,1,3.2,Godos Cocina Típica,"  C/ Romero, 33  ",Sevilla,,41101,Spain
11038,SUPRD,1,1998-04-21 00:00:00.000,1998-05-19 00:00:00.000,1998-04-30 00:00:00.000,2,29.59,SUPRÊMES  DÉLICES,"  BOULEVARD TIROU, 255  ",Charleroi,,B-6000,Belgium
11039,LINOD,1,1998-04-21 00:00:00.000,19.05.1998,nan,2,65.0,LINO-DELICATESES,ave. 5 de mayo porlamar,I. de Margarita,Nueva Esparta,4980,Venezuela
11040,GREAL,4,22-04-1998,1998-05-20 00:00:00.000,nan,3,1281.0,Great Lakes Food Market,2732  Baker  Blvd.,Eugene,OR,97403,USA
11041,CHOPS,3,1998-04-22 00:00:00.000,1998/05/20,1998/04/28,2,48.22,Chop-suey Chinese,  Hauptstr. 31  ,Bern,,3012,Switzerland
11042,COMMI,2,1998-04-22 00:00:00.000,1998-05-06 00:00:00.000,01-05-1998,1,29.99,Comércio  Mineiro,"Av. dos Lusíadas, 23",Sao  Paulo,SP,05432-043,Brazil
11043,SPECD,5,04/22/1998,1998-05-20 00:00:00.000,1998-04-29 00:00:00.000,2,8.8,Spécialités du monde,"25, RUE LAURISTON",  Paris  ,,75016,France
11044,WOLZA,4,1998-04-23 00:00:00,1998/05/21,1998-05-01 00:00:00.000,1,8.72,wolski  zajazd,ul.  Filtrowa  68,Warszawa,,01-012,Poland
11045,BOTTM,6,1998/04/23,21.05.1998,nan,2,70.58,Bottom-Dollar Markets,23 tsawassen blvd.,Tsawassen,BC,T2F 8M4,Canada
11046,WANDK,8,23.04.1998,05/21/1998,1998-04-24 00:00:00.000,2,71.64,Die Wandernde Kuh,ADENAUERALLEE 900,Stuttgart,,70563,Germany
11047,EASTC,7,1998-04-24 00:00:00.000,1998-05-22 00:00:00.000,1998-05-01 00:00:00.000,3,46.62,  eastern connection  ,35 King George,London,,WX3 6FW,UK
11048,BOTTM,7,04/24/1998,1998-05-22 00:00:00.000,1998-04-30 00:00:00.000,3,24.12,  bottom-dollar markets  ,23  Tsawassen  Blvd.,Tsawassen,BC,T2F 8M4,Canada
11049,GOURL,3,04/24/1998,1998-05-22 00:00:00,1998-05-04 00:00:00.000,1,8.34,  Gourmet Lanchonetes  ,"  AV. BRASIL, 442  ",CAMPINAS,SP,04876-786,Brazil
11050,FOLKO,8,1998-04-27 00:00:00.000,1998/05/25,1998-05-05 00:00:00.000,2,59.41,Folk och fä HB,  Åkergatan 24  ,BRÄCKE,,S-844 67,Sweden
11051,LAMAI,7,27-04-1998,1998-05-25 00:00:00.000,nan,3,2.79,La maison d'Asie,  1 rue Alsace-Lorraine  ,Toulouse,,31000,France
11052,HANAR,3,1998-04-27 00:00:00,1998-05-25 00:00:00.000,1998-05-01 00:00:00.000,1,67.26,HANARI CARNES,"Rua do Paço, 67",Rio de Janeiro,RJ,05454-876,Brazil
11053,PICCO,2,27.04.1998,1998-05-25 00:00:00.000,1998-04-29 00:00:00,2,53.05,Piccolo und mehr,geislweg 14,SALZBURG,,5020,Austria
11054,CACTU,8,1998-04-28 00:00:00.000,26-05-1998,nan,1,0.33,  Cactus Comidas para llevar  ,  Cerrito 333  ,  Buenos Aires  ,,1010,Argentina
11055,HILAA,7,28.04.1998,1998/05/26,05-05-1998,2,120.92,HILARION-Abastos,Carrera 22 con Ave. Carlos Soublette #8-35,San Cristóbal,Táchira,5022,Venezuela
11056,EASTC,8,28-04-1998,1998-05-12 00:00:00.000,1998-05-01 00:00:00.000,2,278.96,Eastern Connection,35 KING GEORGE,London,,WX3 6FW,UK
11057,NORTS,3,1998-04-29 00:00:00.000,1998-05-27 00:00:00.000,01.05.1998,3,4.13,North/South,south house 300 queensbridge,  london  ,,SW7 1RZ,UK
11058,BLAUS,9,29-04-1998,1998-05-27 00:00:00.000,nan,3,31.14,Blauer See Delikatessen,  Forsterstr. 57  ,Mannheim,,68306,Germany
11059,RICAR,2,29-04-1998,1998/06/10,nan,2,85.8,Ricardo Adocicados,"AV. COPACABANA, 267",  Rio de Janeiro  ,RJ,02389-890,Brazil
11060,FRANS,2,1998-04-30 00:00:00.000,1998-05-28 00:00:00.000,1998-05-04 00:00:00,2,10.98,Franchi S.p.A.,VIA  MONTE  BIANCO  34,Torino,,10100,Italy
11061,GREAL,4,1998/04/30,1998/06/11,nan,3,14.01,Great Lakes Food Market,2732 baker blvd.,  Eugene  ,OR,97403,USA
11062,REGGC,4,04/30/1998,1998-05-28 00:00:00.000,nan,2,29.93,Reggiani Caseifici,  Strada Provinciale 124  ,Reggio Emilia,,42100,Italy
11063,HUNGO,3,04/30/1998,1998-05-28 00:00:00.000,1998-05-06 00:00:00.000,2,3759.5800000000004,Hungry  Owl  All-Night  Grocers,8 Johnstown Road,cork,Co. Cork,,Ireland
11064,SAVEA,1,1998/05/01,05/29/1998,1998-05-04 00:00:00.000,1,511.53,SAVE-A-LOT MARKETS,187 suffolk ln.,Boise,ID,83720,USA
11065,LILAS,8,2026-01-01 00:00:00.000,1998/05/29,nan,1,12.91,LILA-Supermercado,CARRERA  52  CON  AVE.  BOLÍVAR  #65-98  LLANO  LARGO,Barquisimeto,Lara,3508,Venezuela
11066,WHITC,7,1998-05-01 00:00:00.000,29-05-1998,05/04/1998,2,44.72,  White Clover Markets  ,  1029 - 12th Ave. S.  ,seattle,WA,98124,USA
11067,DRACD,1,1998-05-04 00:00:00.000,1998-05-18 00:00:00.000,1998-05-06 00:00:00.000,2,7.98,Drachenblut Delikatessen,  Walserweg 21  ,  Aachen  ,,52066,Germany
11068,QUEEN,8,1998/05/04,1998-06-01 00:00:00.000,nan,2,81.75,Queen Cozinha,"Alameda  dos  Canàrios,  891",Sao  Paulo,SP,05487-020,Brazil
11069,TORTU,1,1998/05/04,06/01/1998,05/06/1998,2,15.67,Tortuga Restaurante,AVDA. AZTECA 123,méxico d.f.,,05033,Mexico
11070,LEHMS,2,1998/06/02,1998-05-05 00:00:00.000,nan,1,136.0,Lehmanns Marktstand,Magazinweg 7,  Frankfurt a.M.  ,,60528,Germany
11071,LILAS,1,1998-05-05 00:00:00.000,1998/06/02,nan,1,0.93,LILA-Supermercado,Carrera 52 con Ave. Bolívar #65-98 Llano Largo,Barquisimeto,Lara,3508,Venezuela
11072,ERNSH,4,1998-05-05 00:00:00.000,02-06-1998,nan,2,258.64,Ernst Handel,Kirchgasse  6,  graz  ,,8010,Austria
11073,PERIC,2,1998-05-05 00:00:00,1998-06-02 00:00:00.000,nan,2,24.95,pericles comidas clásicas,Calle Dr. Jorge Cash 321,méxico  d.f.,,05033,Mexico
11074,SIMOB,7,1998/05/06,06/03/1998,nan,2,18.44,Simons bistro,Vinbæltet 34,Kobenhavn,,1734,Denmark
11075,RICSU,8,1998-05-06 00:00:00.000,1998-06-03 00:00:00.000,nan,2,6.19,RICHTER  SUPERMARKT,Starenweg 5,genève,,1204,Switzerland
11076,BONAP,4,1998-05-06 00:00:00.000,1998-06-03 00:00:00.000,nan,2,38.28,BON APP',"  12, rue des Bouchers  ",marseille,,13008,France
11077,RATTC,1,1998-05-06 00:00:00.000,1998/06/03,nan,2,8.53,Rattlesnake Canyon Grocery,2817 Milton Dr.,ALBUQUERQUE,NM,87110,USA
10322,PERIC,7,04.10.1996,11/01/1996,1996-10-23 00:00:00.000,3,0.4,Pericles Comidas clásicas,Calle Dr. Jorge Cash 321,México D.F.,,05033,Mexico
10384,BERGS,3,1996-12-16 00:00:00,1997-01-13 00:00:00,1996-12-20 00:00:00,3,168.64,Berglunds  snabbköp,Berguvsvägen  8,Luleå,,S-958 22,Sweden
10849,KOENE,9,01/23/1998,1998-02-20 00:00:00,1998-01-30 00:00:00.000,2,0.56,  Königlich Essen  ,  Maubelstr. 90  ,Brandenburg,,14776,Germany
10647,QUEDE,4,1997-08-27 00:00:00,1997-09-10 00:00:00,1997/09/03,2,45.54,Que  Delícia,"rua da panificadora, 12",Rio de Janeiro,RJ,02389-673,Brazil
10752,NORTS,2,24-11-1997,1997-12-22 00:00:00.000,1997-11-28 00:00:00.000,3,1.39,  NORTH/SOUTH  ,South House 300 Queensbridge,LONDON,,SW7 1RZ,UK
